n,L,seed,param_hash,job_id,ev_plus_noiseless,ev_minus_noiseless,g_noiseless
19,1,20262001,654c1ed0acc3afa6d17824dfb5589e8b894ced36d27d1db33b61d11c747d3bac,dao1hnv8gn2s739n8v8g,-0.29271969197417197,0.29271969197417214,-0.292719691974172
19,1,20262002,2b964d6a37678313692aa13b6d59c4b441dcea127645b1e5e5ef0dfbe4ee33a0,dao1hnv8gn2s739n8v8g,0.27342123074679536,-0.27342123074679475,0.27342123074679503
19,1,20262003,36472f40e56fed2d67f29bae1ced45ee74b8ade53889baf28ef6183b97c114cc,dao1hnv8gn2s739n8v8g,-0.3889475183719638,0.3889475183719637,-0.38894751837196373
19,1,20262004,267f5a79238baf2ac2182586a7ed94c9ec6de4ff399c0b623d689310261f4eba,dao1hnv8gn2s739n8v8g,-0.06607573594913815,0.06607573594913818,-0.06607573594913817
19,1,20262005,336ebb008d1588575e5405ba3295ad6e51f43984c00af5c08e3b951b5ce76a40,dao1hnv8gn2s739n8v8g,0.8042123514416566,-0.8042123514416561,0.8042123514416564
19,1,20262006,d443fb19b85c43606e23d860bebbb5ca5afc8f450561c7031632b515f563af50,dao1hnv8gn2s739n8v8g,0.8217091049151585,-0.8217091049151583,0.8217091049151584
19,1,20262007,6b871c475ac341a99d89f88e9d87b5be0293f4489cfd3a472104b8a8e492ebe3,dao1hnv8gn2s739n8v8g,0.010608656900990556,-0.010608656900990564,0.010608656900990561
19,1,20262008,adc87648921838e103cf267686a056051d84138ddb9ebaa7b0520f8d13cd4731,dao1hnv8gn2s739n8v8g,-0.5923589303175741,0.5923589303175743,-0.5923589303175743
19,1,20262009,3e49b610334defa213cc6ceaaaf53230548478d71d576312d9ede14756c96785,dao1hnv8gn2s739n8v8g,-0.8782050253702223,0.878205025370222,-0.8782050253702222
19,1,20262010,9056efe6c6d44668bd863e5135203ddc88f72b3b98b0748797f69cfdb00f4d8c,dao1hnv8gn2s739n8v8g,0.40984277117192364,-0.4098427711719237,0.4098427711719237
19,1,20262011,99cc1eede490d364b8dfe49381a779b01300591ffa7cc319f1d014678fe7c0ad,dao1hnv8gn2s739n8v8g,0.22737955924358172,-0.22737955924358108,0.2273795592435814
19,1,20262012,fe3cb8d76d02d9882888a8f278172bf020fd6e1c9bc2eb74c4377b987e5c9a23,dao1hnv8gn2s739n8v8g,-0.00688535755333383,0.006885357553333967,-0.006885357553333899
19,1,20262013,d5e28d7ec781bb4cd5cf1c73d8988e416064f5d6b83ce9d6d9968df319936a10,dao1hnv8gn2s739n8v8g,-0.677033589239805,0.6770335892398052,-0.6770335892398051
19,1,20262014,53a5481e47730b2bdb0ed94578c12297225262eb46c3bfc9820bea2df6742398,dao1hnv8gn2s739n8v8g,0.5717306201775076,-0.5717306201775079,0.5717306201775078
19,1,20262015,2287c52242f32741f5e3cf5af883a9a5cd0ba2560dde7befb4ad3627d0e38600,dao1hnv8gn2s739n8v8g,-0.01896515412469449,0.018965154124694645,-0.018965154124694565
19,1,20262016,4d78ff3a5d4827aa126d5d270543a084dd2a886b07d57e8765f95fbe45418508,dao1hnv8gn2s739n8v8g,-0.12267905646993721,0.12267905646993729,-0.12267905646993725
19,1,20262017,6b1ee0047af1211c6b819947c33bdf51a13b2d88d3412071bbe0ea5a92945b6c,dao1hnv8gn2s739n8v8g,-0.42676402013199144,0.42676402013199133,-0.4267640201319914
19,1,20262018,ed6c38b208dae4a11f883aef7dd1935df7d7837c296dff0bbf95701fecaceb79,dao1hnv8gn2s739n8v8g,-0.4321247321677378,0.43212473216773756,-0.43212473216773767
19,1,20262019,d4cb236f9a86a42d8c11d120c3b15303a7cb68c37b5ebadbcdbc3a096021f307,dao1hnv8gn2s739n8v8g,0.3345227324590353,-0.3345227324590354,0.33452273245903535
19,1,20262020,53d988b973db5d316377df5632f40a0288abd1e3d2917fe67e93f08b4c12612b,dao1hnv8gn2s739n8v8g,-0.5304395950313311,0.5304395950313309,-0.530439595031331
19,1,20262021,24d1d810f99bd7a38c5ad0285e6d55adcb268a129057284ddd20a9b578008af2,dao1hnv8gn2s739n8v8g,-0.09430345863205415,0.0943034586320544,-0.09430345863205428
19,1,20262022,7b91e979db275c9e42cd9290fd985b0d298deeaa4536b3e6f10aeae9fd00fbad,dao1hnv8gn2s739n8v8g,0.4174599511728486,-0.4174599511728488,0.41745995117284873
19,1,20262023,27e35dea0fc28a56873584156741e0353a4f80ee9295ce9b640aa3f269d0f6a8,dao1hnv8gn2s739n8v8g,0.4288490045086492,-0.428849004508649,0.4288490045086491
19,1,20262024,de2a081599429e67814c5ac6099182ed7e3285158bc11d683a03564321b363fc,dao1hnv8gn2s739n8v8g,-0.9369982607238634,0.9369982607238636,-0.9369982607238635
19,1,20262025,218065295412bcb6748ca979490a2b0146c5560b802d62261eb145080b4a04fe,dao1hnv8gn2s739n8v8g,-0.4477405349664117,0.4477405349664116,-0.44774053496641164
19,1,20262026,a1139042d087ca4ce203eab75601b9036ad23a0033d76fa67f3e99d9cb2b2a40,dao1hnv8gn2s739n8v8g,0.5210134389873491,-0.5210134389873492,0.5210134389873491
19,1,20262027,0afbb0a01d556f0e88692921b9baa50d45a6d0ad68bb145762d46e757ce82d7c,dao1hnv8gn2s739n8v8g,-0.5464423574636548,0.5464423574636544,-0.5464423574636545
19,1,20262028,b9c6c4e786869fc9d10494fa8dd85c7461db4d552d3e22141bc525a5082dc2e7,dao1hnv8gn2s739n8v8g,-0.29974953639355406,0.29974953639355395,-0.299749536393554
19,1,20262029,0dd0843c083f85b794d878b5a9ce2d1c0533cd4d73a49656dc442b79019277b8,dao1hnv8gn2s739n8v8g,0.11268764961347033,-0.11268764961347048,0.11268764961347041
19,1,20262030,a59fe9a5c86dbb1e48b91766aa05d6b03de8ad405dda28659da983c954a9e670,dao1hnv8gn2s739n8v8g,0.9518183594989763,-0.9518183594989764,0.9518183594989764
19,1,20262031,f7ab97b8cc58b2d4c1599bb13376b2120e275eb8f6ba4ed8767e033f3cd5a8fe,dao1hnv8gn2s739n8v8g,-0.8400472596766987,0.8400472596766987,-0.8400472596766987
19,1,20262032,b15139260cf27914ba555b017c4b8ff8e025a8c9992d103a9a61248c91001208,dao1hnv8gn2s739n8v8g,-0.21482191805161277,0.21482191805161266,-0.21482191805161271
19,1,20262033,c7337fb1eedec08527cf29f10c12e0aca979ca834b3c3be76829313b136e6655,dao1hnv8gn2s739n8v8g,-0.16401717615639722,0.16401717615639724,-0.16401717615639722
19,1,20262034,87968b2d7631ef66799dfdd87ccf6aca0d985afc466c9972e8a022538209b919,dao1hnv8gn2s739n8v8g,0.04008138586082445,-0.04008138586082443,0.04008138586082444
19,1,20262035,8fdc6fab48fa4342f1fd360121e731669fccd05095c9acf6e700e0d952658165,dao1hnv8gn2s739n8v8g,-0.11523651761641639,0.11523651761641598,-0.11523651761641618
19,1,20262036,090d765ad55ac180d80009e055abeb23feb2f894a727ded202b8686fb951acd6,dao1hnv8gn2s739n8v8g,0.5267910805956487,-0.5267910805956488,0.5267910805956488
19,1,20262037,84ac120c7082392d61208391254fee3c1480ce6576cc662807c7c461828eb4eb,dao1hnv8gn2s739n8v8g,-0.014901444977311426,0.014901444977311436,-0.014901444977311431
19,1,20262038,38a3f171843ff626bec0ffc095bc0d72f4de141d0488849294f99be5df3b51e8,dao1hnv8gn2s739n8v8g,-0.513675150189697,0.5136751501896968,-0.5136751501896969
19,1,20262039,98c908dca66530d38a0ac2db6ee66dfc0067bf1ae9c649f903117d8af42a010c,dao1hnv8gn2s739n8v8g,-0.273030374423011,0.2730303744230112,-0.2730303744230111
19,1,20262040,9fbabe609bc3e52c3d8f72e9c507bb977a32c284ce1919f0385e672fe00dd166,dao1hnv8gn2s739n8v8g,0.8892052998999563,-0.889205299899956,0.8892052998999562
19,1,20262041,578f327353de5e3588c599f5e8967ad9b1f6d64c3e582cf01c33e272d0950ce3,dao1hnv8gn2s739n8v8g,-0.010154410193768733,0.010154410193768781,-0.010154410193768757
19,1,20262042,ca632d6712dc521aaf251bfdc56b256a105fbdb4e9585d1d500ce2e6b91086f1,dao1hnv8gn2s739n8v8g,0.5127944650903109,-0.5127944650903108,0.5127944650903109
19,1,20262043,f24abd7080f6e5158e5bfd18699aaa7e8f14b45f31528af4f343c08cab0d75bd,dao1hnv8gn2s739n8v8g,-0.7127969083405314,0.7127969083405312,-0.7127969083405313
19,1,20262044,17222077a93940b0e5c6b25f0b5c95ba2614f7765dcb7afb96e207b6ce0212cf,dao1hnv8gn2s739n8v8g,-0.015710592805687873,0.015710592805687835,-0.015710592805687852
19,1,20262045,b91ecfd179a6a0bb6fced76039196b40b8e3a1cc5a211fea32b049681332fcce,dao1hnv8gn2s739n8v8g,-0.2666050011384736,0.2666050011384738,-0.2666050011384737
19,1,20262046,ba12728630d3a4d692651d329c9c52c975c9c84720d6056946c81e1ae0c6bace,dao1hnv8gn2s739n8v8g,0.07062559484167212,-0.07062559484167165,0.07062559484167188
19,1,20262047,99ff5a6b8b6d1df3da50430062bd8da2c683df098a07244845be0f1f4e19e103,dao1hnv8gn2s739n8v8g,0.2246908986826775,-0.22469089868267766,0.22469089868267758
19,1,20262048,19ddf880652a0253556ea0f5552be1909001b6abba1f847d1100f635a26fa5a8,dao1hnv8gn2s739n8v8g,-0.027188845217855768,0.027188845217855674,-0.027188845217855723
19,1,20262049,37d5155a380f60ca2c906efd02833444072628257d7e28f83771f354404e21b0,dao1hnv8gn2s739n8v8g,-0.6636666295366662,0.6636666295366663,-0.6636666295366662
19,1,20262050,f0699fc1594f627f2ad757f8c5d8d25a8c4aa2d95059401c16c77b7153c54c1c,dao1hnv8gn2s739n8v8g,0.7997110461090627,-0.7997110461090626,0.7997110461090626
19,1,20262051,7e72adb992293b763c03d6a83e7096f0cb1794e0bf8fe8378cc42210495ad783,dao1hnv8gn2s739n8v8g,0.031924848400244864,-0.03192484840024484,0.03192484840024486
19,1,20262052,ca59538d71c2062e2dfaa98bcfcb73c99cc073dcd853f0f4787ad9a3f7d41b18,dao1hnv8gn2s739n8v8g,-0.06628781446395529,0.06628781446395501,-0.06628781446395515
19,1,20262053,21f9409b086b91ab3ade47d43e71c7c9e08befca408eecb37ae77256a5a87a9a,dao1hnv8gn2s739n8v8g,-0.6262778578836918,0.6262778578836914,-0.6262778578836916
19,1,20262054,8b47d2ec81099baaea8005b94091c93751e866acc68732e9cbf191348a220cbc,dao1hnv8gn2s739n8v8g,0.4867711308170454,-0.48677113081704526,0.48677113081704537
19,1,20262055,24f47cafa2a0e106ec8312207c13504813b2996a5df512b3e112d2501ed76bbd,dao1hnv8gn2s739n8v8g,0.39964898448842656,-0.39964898448842634,0.39964898448842645
19,1,20262056,89d90b75427b4cd04c1350847bc01f5f468d2f8983a05fa3b4c242e05b8f509e,dao1hnv8gn2s739n8v8g,0.9922422107218802,-0.9922422107218805,0.9922422107218803
19,1,20262057,d100d91bfa3f4b967aec875cf7849e5b2cf85e16b71ed24177da2083c9a0b1b6,dao1hnv8gn2s739n8v8g,-0.055207986253792384,0.05520798625379234,-0.05520798625379236
19,1,20262058,9865bcfa9356bfd7406fb17ff0c904d7a1b8d17e947c1bc9e1097cf0a7783baa,dao1hnv8gn2s739n8v8g,0.6471492112875749,-0.6471492112875754,0.6471492112875752
19,1,20262059,35d2ac7ddba9842b0fb894f8afd6af07defd6a1496d6b1436310af43be002024,dao1hnv8gn2s739n8v8g,0.041155066102426564,-0.04115506610242671,0.04115506610242664
19,1,20262060,2e46d1655e33c938043ac5718274b295efe066678e34985de4bfcb8ed775cdaf,dao1hnv8gn2s739n8v8g,-0.582872140861112,0.5828721408611119,-0.5828721408611119
19,1,20262061,eea879586f44695bf60ee9b9ca4c1a1ae637100d9aac3d9bea69cd1790757f63,dao1hnv8gn2s739n8v8g,0.16600090921842942,-0.1660009092184294,0.16600090921842942
19,1,20262062,e499d29edc0ad619b478c6675890d15e71de293e3e1d0abe90713f492f882ea1,dao1hnv8gn2s739n8v8g,0.23630505142565345,-0.2363050514256536,0.23630505142565353
19,1,20262063,259177e152e535d1f6397a736026d420ded052ec17f11acaedc6dc316d274cc6,dao1hnv8gn2s739n8v8g,0.024368031018648942,-0.02436803101864901,0.024368031018648977
19,1,20262064,4e66358f1bfe4143b228bfce1a35f1aa50bcb1172e1554db38d17c4b2407662a,dao1hnv8gn2s739n8v8g,0.7853922774057376,-0.7853922774057378,0.7853922774057377
19,1,20262065,1b676ee08a50f264ea4e4a50dc66f60ad37010712409fdeb84bcb52e3351b40c,dao1hnv8gn2s739n8v8g,-0.19140199295129456,0.19140199295129437,-0.19140199295129445
19,1,20262066,eeea261b3200d83ee23d0d1b7080afe83783b7d5a8e4c3ac1ca9904e60752a9c,dao1hnv8gn2s739n8v8g,-0.668215782857521,0.668215782857521,-0.668215782857521
19,1,20262067,fadecb50829c81cec4b4f2b03dace3ff36bbc2316100b92e01481e5972ee17f2,dao1hnv8gn2s739n8v8g,0.9107309485226509,-0.9107309485226518,0.9107309485226514
19,1,20262068,c97b789a526ba0abece549565528f0507b06c3f0562ed9eba3462c0ffd67c541,dao1hnv8gn2s739n8v8g,0.7086812839921487,-0.7086812839921494,0.708681283992149
19,1,20262069,c59762e31d8449471e4677d79dd959d69d59946d796b49800be1088fe87cb2e2,dao1hnv8gn2s739n8v8g,-0.1894247895820105,0.18942478958201034,-0.18942478958201042
19,1,20262070,536bfd678daf5898baa31340419e376f38d50efce4cde5c4a82e71c39f298ec6,dao1hnv8gn2s739n8v8g,0.5989593052133195,-0.5989593052133197,0.5989593052133196
19,1,20262071,8a7ffe9b28cf07e559790389650b4de1fa1ea0dda5c8cdeb89125204629d2814,dao1hnv8gn2s739n8v8g,-0.1601988586348955,0.16019885863489544,-0.16019885863489547
19,1,20262072,51b5dbdf425920f65641340092ebea3595fe132564af649ddd5dc0bf6d26619e,dao1hnv8gn2s739n8v8g,0.9912460238750044,-0.9912460238750052,0.9912460238750047
19,1,20262073,e3def2ce37241312e7f0cdba72bcd9520abadff4a7611879416154fe34ba8bde,dao1hnv8gn2s739n8v8g,0.002144011975247088,-0.002144011975247192,0.00214401197524714
19,1,20262074,e6e5a040562eaf1b1a1a724f36a19db7acdb564ce97fd7d9d0f7880dcf212efb,dao1hnv8gn2s739n8v8g,0.10659429944919624,-0.10659429944919624,0.10659429944919624
19,1,20262075,a2123700ef18ba69e4e1e30f04c6d12af414fdb24ae299842f2508725f75dd31,dao1hnv8gn2s739n8v8g,0.10270822980633965,-0.10270822980633983,0.10270822980633973
19,1,20262076,3f6938830b4d56619245e77308773cc27e9e538490ff9705e0d11b98b129ccd3,dao1hnv8gn2s739n8v8g,0.5435330167824065,-0.5435330167824067,0.5435330167824066
19,1,20262077,1983057d4ec934c9b1583e4ad406c9734005df82c3eab49adb0e2a0aa39d7a85,dao1hnv8gn2s739n8v8g,-0.856218031141888,0.8562180311418879,-0.8562180311418879
19,1,20262078,d26039bb5db5218605d6bb80a349e33e325621e017bfc168224946b70de5e5c2,dao1hnv8gn2s739n8v8g,-0.6536355767480484,0.6536355767480482,-0.6536355767480483
19,1,20262079,33ad5bbd444be979801703e32ff7a0872c525de3e131da05e9884f89356ae0bd,dao1hnv8gn2s739n8v8g,-0.5401473340563615,0.5401473340563618,-0.5401473340563616
19,1,20262080,a8a4fabee33bf3f4cbd15a5e12aff7afb68017d91da3f500b96238631531558d,dao1hnv8gn2s739n8v8g,0.18271542500275822,-0.1827154250027586,0.18271542500275842
19,1,20262081,5b79eb5f9d09904d421048bd21bffdf9486fd51e90d85a68f6bb1f05cc6c6bc7,dao1hnv8gn2s739n8v8g,-0.1599819096287833,0.1599819096287835,-0.1599819096287834
19,1,20262082,57a20448e00c7a7e711233e573a19a8e80dd57034ce02c0bc4a4b41384a9befc,dao1hnv8gn2s739n8v8g,0.03392563497708422,-0.033925634977083924,0.033925634977084076
19,1,20262083,19a8d0fdb1422e8a41cd61a91ffafd9ae5f67c976322a86d108c2db45fce948f,dao1hnv8gn2s739n8v8g,0.8977176959738096,-0.8977176959738097,0.8977176959738096
19,1,20262084,2a1e679dba3dee021f6859879776d2bce79cd4bf935f5e7a202d98df278cb9cd,dao1hnv8gn2s739n8v8g,-0.27375234496517925,0.27375234496517936,-0.2737523449651793
19,1,20262085,e988cbb64560fe5735a3c2b520ef0d4a74413f206f6a605bc600fcb7f44a9407,dao1hnv8gn2s739n8v8g,0.4056056431632673,-0.4056056431632672,0.40560564316326725
19,1,20262086,cfc0cad9699bb68d958e1ae9644ac50dc96c4a090dbe6cb923e3c7f9302ebcd0,dao1hnv8gn2s739n8v8g,0.5826146644891529,-0.582614664489153,0.582614664489153
19,1,20262087,e39d2a063a23732fe79c5d53fc5299437b3d2c45d01c700243f0fec923932893,dao1hnv8gn2s739n8v8g,0.9134466631709668,-0.9134466631709667,0.9134466631709668
19,1,20262088,289ce6a4714fdfc4513d4a5bdf8317b2fe58420bf1accae7c846eb48e7816afc,dao1hnv8gn2s739n8v8g,-0.6267065266840356,0.6267065266840354,-0.6267065266840355
19,1,20262089,952261e0ad2fecb2a9676c9a65263127de3962d0cd68cee1287e305c6f91458f,dao1hnv8gn2s739n8v8g,0.2508483802214042,-0.2508483802214042,0.2508483802214042
19,1,20262090,0e8b3ae9ca5ed18c4fae1da0b2accaeeb13e81051878eb6eff7b381d90864a60,dao1hnv8gn2s739n8v8g,-0.4288634246998546,0.4288634246998544,-0.4288634246998545
19,1,20262091,5cb2477274cabd8e2c2176e617f9e453232745dc442dfb7efc07bc322d2c5a17,dao1hnv8gn2s739n8v8g,0.3367716927861291,-0.33677169278612956,0.33677169278612934
19,1,20262092,e4016a86b007fff52ac21d547e355b2f5aa0a019524c695de0733748d8056272,dao1hnv8gn2s739n8v8g,0.032822643788881924,-0.032822643788882014,0.03282264378888197
19,1,20262093,34b9757eed1104b8fd3d79c8fb67ef84b4edecf0e2d4b8d9f41e590b59d1cbb4,dao1hnv8gn2s739n8v8g,0.629079378434628,-0.629079378434628,0.629079378434628
19,1,20262094,73689bbd6c57c2e5ac00433b53f8b5aa1dfb7afd246abde72f79d5747c54a881,dao1hnv8gn2s739n8v8g,-0.1767012054298817,0.17670120542988177,-0.17670120542988174
19,1,20262095,9d62efe2813398be0fb089eafb547507f305969c971230dea009c67fd23677c9,dao1hnv8gn2s739n8v8g,0.9006250222840226,-0.9006250222840223,0.9006250222840224
19,1,20262096,08b4c0c114f5b77dabad6776c58bcbcc9de2fd84fc09d2f7c6625a6660e3b2eb,dao1hnv8gn2s739n8v8g,-0.23154062581739684,0.23154062581739682,-0.23154062581739682
19,1,20262097,f6d0b81692afea3e18106a5a76e5724eea5ac92e135e617c647cd9b3d798febd,dao1hnv8gn2s739n8v8g,0.7837717841307139,-0.7837717841307139,0.7837717841307139
19,1,20262098,9d80c3d2dee32ff175f4c81232847148e7df2788537a038f16874410a8ffe5a8,dao1hnv8gn2s739n8v8g,0.0965701422534451,-0.09657014225344536,0.09657014225344523
19,1,20262099,c582a6811230659dd764bfd105e02735c086836a5d6baa846edaba2d4af6fc78,dao1hnv8gn2s739n8v8g,-0.2717791078028514,0.2717791078028514,-0.2717791078028514
19,1,20262100,18e99e5b17116e3449f4a839b5a1930c6878d2acc2e724ef5ff62d333cf34ebb,dao1hnv8gn2s739n8v8g,0.03285798977581408,-0.03285798977581421,0.03285798977581414
19,1,20262101,6f2daa98bd0cac8b03c17044aa700c797f59973fd3e98ec804a898db110b6204,dao1hnv8gn2s739n8v8g,0.13586696082747796,-0.13586696082747815,0.13586696082747807
19,1,20262102,e977c6b6f07809d4dc68eda10d7261a005fef6f4bcde7ef0af66bf624d90a1db,dao1hnv8gn2s739n8v8g,-0.21410221688073838,0.21410221688073805,-0.21410221688073822
19,1,20262103,fb4b56ce8c36bead4cb36a7f0a03e2900e531d85c3055903a570b7f58ce26667,dao1hnv8gn2s739n8v8g,-0.8284334614208947,0.8284334614208946,-0.8284334614208946
19,1,20262104,d5d74cf0a62344febc8db2b4672e46f324c17d0a489ab61de1b042f9ef4fa292,dao1hnv8gn2s739n8v8g,-0.007845086343152778,0.007845086343152742,-0.00784508634315276
19,1,20262105,e0ee7fbe6be740748c0301f6fcbb2dbe4e1eb524c4509380ec6bbaa19b90a997,dao1hnv8gn2s739n8v8g,0.0618070177476292,-0.0618070177476292,0.0618070177476292
19,1,20262106,0a9127cbc3e78dafcffe6a962eb656fdd7ff2024ea5879f6e04213e54d54db5d,dao1hnv8gn2s739n8v8g,0.9595643067574047,-0.9595643067574046,0.9595643067574047
19,1,20262107,ba6ce15dece5ab461c1fcbe1163a327a90e56d2b6b53e22080f8239b3a7a8c2c,dao1hnv8gn2s739n8v8g,-0.10300519183538409,0.10300519183538445,-0.10300519183538427
19,1,20262108,4c07224a81a0d5de15086b12d2b706b1af26bab665300d07af14ef5628a43a0f,dao1hnv8gn2s739n8v8g,-0.6955433382167509,0.6955433382167506,-0.6955433382167507
19,1,20262109,0f8fe3b33a618454a4d3c935f0e384d2b076ee28da8320e845648c38630bf68e,dao1hnv8gn2s739n8v8g,-0.5111798744179943,0.5111798744179947,-0.5111798744179945
19,1,20262110,e5cd17e306a3fcca93fd5156b26fa6a18cc2da3b375785b9342cadfacb6b2cdd,dao1hnv8gn2s739n8v8g,-0.033625115120578725,0.033625115120578725,-0.033625115120578725
19,1,20262111,8c98b09f6495b02d210875ff46912be5f5ccf48a52ad3cd02cc69e421780db78,dao1hnv8gn2s739n8v8g,0.05186926346012109,-0.05186926346012103,0.051869263460121065
19,1,20262112,fd26695ee21ac7ee22b571cc9ca5c76ff06e2bd83e1faa53d9fd3c7fe739e1b6,dao1hnv8gn2s739n8v8g,-0.2694188492755374,0.2694188492755373,-0.26941884927553733
19,1,20262113,24610071041f256702e5b05f754f310acf0f5d036a02dbe418b3597649abbb6d,dao1hnv8gn2s739n8v8g,0.7420913538665266,-0.742091353866527,0.7420913538665268
19,1,20262114,e1caa123441b665354f548e4c38bb7f1eb8cc2a60acaa89ebe764c8cde6df018,dao1hnv8gn2s739n8v8g,-0.22413612520086715,0.2241361252008673,-0.22413612520086723
19,1,20262115,745a3f4578114383fb330aab80e9ffbe07204e57de83e0ebda487e4485f2126d,dao1hnv8gn2s739n8v8g,0.3010975520645718,-0.30109755206457195,0.3010975520645719
19,1,20262116,f07f74e90b8b06cf0aa233adfdc56f0c959dfe75a486ae4a84f749b4b1f61909,dao1hnv8gn2s739n8v8g,0.32869205726441225,-0.32869205726441225,0.32869205726441225
19,1,20262117,f074a097f1773cf93ef907d7ab4c77a653517517a74ac428736d078c1d334451,dao1hnv8gn2s739n8v8g,-0.15149350282806018,0.15149350282806007,-0.15149350282806012
19,1,20262118,380c252a3d2104d80241c8ccd6ccfdc84d99416a4f2220ea4ba4782329e07629,dao1hnv8gn2s739n8v8g,0.2548302142313629,-0.2548302142313629,0.2548302142313629
19,1,20262119,f42e3a9b6ba4a9e0561ed454d5135b942d09fdd374e98bf5406d3555a94f6620,dao1hnv8gn2s739n8v8g,-0.3766417346588324,0.37664173465883233,-0.37664173465883233
19,1,20262120,24f4786bb443e27a10b6686eeeb3a24051b0e9ebe7fb1baeb24b6571a1329ae5,dao1hnv8gn2s739n8v8g,0.30844239139846547,-0.30844239139846513,0.3084423913984653
19,1,20262121,d52f995a7b00acecbd47268cc4143aacba6331627e9b3bb08f91c0a60e06a574,dao1hnv8gn2s739n8v8g,0.6668308797565552,-0.6668308797565556,0.6668308797565554
19,1,20262122,81109cfa5d92535965a67a593bf31877e4eaa8b829e0ad3e04d254dc98c44d46,dao1hnv8gn2s739n8v8g,-0.2979058317840212,0.29790583178402097,-0.2979058317840211
19,1,20262123,9605df4902eb84b931117e74ca018447ff1ce85c29b52a25d9369451b729db96,dao1hnv8gn2s739n8v8g,0.24804203770681918,-0.24804203770681907,0.24804203770681912
19,1,20262124,c5f83c783e16a72cd91d17e41491397e3c1cb2cb95a1ffc49447632c3032f47c,dao1hnv8gn2s739n8v8g,-0.054288292690289786,0.05428829269028973,-0.05428829269028976
19,1,20262125,80287dad1cec709dfbdbde14ffc3ada230a3609ff5bbaecd6b9472b168c9c097,dao1hnv8gn2s739n8v8g,0.3956022481524088,-0.39560224815240896,0.39560224815240885
19,1,20262126,e2c41bc5696f777e251e5aecf0f626d5e02147a66d211cb9f5f6c2c502b58d1d,dao1hnv8gn2s739n8v8g,0.3828193930629248,-0.3828193930629248,0.3828193930629248
19,1,20262127,4f5d9036a821b1f9dbb02cdfb75b0e325ba6c42a4c8e147ead93764de743dd3a,dao1hnv8gn2s739n8v8g,-0.32022723168503897,0.32022723168503947,-0.3202272316850392
19,1,20262128,49175cae359c024ad1df2b15789c728fceeb4c88774eb4da6bb4f1fd9224a551,dao1hnv8gn2s739n8v8g,-0.042170401330499596,0.042170401330499444,-0.04217040133049952
19,1,20262129,aa27cff304e00d894daa73ea45a7e9f906b8d0a01cae47bee3c42fa8291158a7,dao1hnv8gn2s739n8v8g,-0.6148555391180733,0.6148555391180731,-0.6148555391180732
19,1,20262130,91071c3f9c51e0acdc681269252b2a887a2af435b882c91414a61e4fcccd4255,dao1hnv8gn2s739n8v8g,-0.5061854013913861,0.506185401391386,-0.506185401391386
19,1,20262131,b132e1bc4369e46fdc28d2e8107130ddc85c46c4c5b320751b51dd49b60c7a85,dao1hnv8gn2s739n8v8g,-0.33645586490622775,0.33645586490622814,-0.3364558649062279
19,1,20262132,fced9b0dbe6aaeab7278f7a8b2bc5a394fee623db50d425a39e2e792bd5ff782,dao1hnv8gn2s739n8v8g,-0.08472797217755645,0.08472797217755665,-0.08472797217755655
19,1,20262133,7d105251335e1587d09e6f1edf55adca80bcfad11c9452f1c51c7149bda5a855,dao1hnv8gn2s739n8v8g,0.7023112894024952,-0.7023112894024952,0.7023112894024952
19,1,20262134,5ea522ddeeb3c8769281a06bfd1f0149db1c44453e7e7a3afd504eae514b78a0,dao1hnv8gn2s739n8v8g,0.9713091611870256,-0.9713091611870256,0.9713091611870256
19,1,20262135,712259de84428e2c332681320c0ca3e78c1fa669bb8924e451a588e27214fcf7,dao1hnv8gn2s739n8v8g,0.6719947153562122,-0.6719947153562127,0.6719947153562125
19,1,20262136,5f5e4422d7769a32417c9d64bb16ae521429eb5e52ea7eac4a5a8879fb5bf00c,dao1hnv8gn2s739n8v8g,-0.09709508443317418,0.09709508443317416,-0.09709508443317416
19,1,20262137,14e537f8f36fb5ab5211bcb96e5362263cce13e2ab75009cb447de2d45c8abec,dao1hnv8gn2s739n8v8g,-0.18004663696100182,0.18004663696100176,-0.1800466369610018
19,1,20262138,640c3e49bc1d7444c45798383d603c0110c8c917af8030fcbb99abd66978ad08,dao1hnv8gn2s739n8v8g,-0.7549118796800545,0.7549118796800547,-0.7549118796800546
19,1,20262139,cb4267141a81437e08185d4dfdc742c5595d5696f921e8315b80b58eac1543bb,dao1hnv8gn2s739n8v8g,0.5199944000718608,-0.5199944000718606,0.5199944000718607
19,1,20262140,5b9f9643ea804958a2d7e5fc0841d413e2df2a3268d36e3903129ad908a0d125,dao1hnv8gn2s739n8v8g,0.4540049130952985,-0.45400491309529917,0.45400491309529883
19,1,20262141,f0519054985b3c360912c7c3480f0abf4bbb7dc7834bafbaf6801caf50e12fe6,dao1hnv8gn2s739n8v8g,-0.08588000156141193,0.08588000156141178,-0.08588000156141185
19,1,20262142,31668c652ebd557fd0b5b54f460e4ef732b59e3a221db21021e0140e46268c3b,dao1hnv8gn2s739n8v8g,0.7298381454196857,-0.7298381454196854,0.7298381454196856
19,1,20262143,c86ce650042a87db2c7e4408e32406013d1fca819087e128096dc33d43f21144,dao1hnv8gn2s739n8v8g,-0.8888848796231913,0.8888848796231907,-0.888884879623191
19,1,20262144,847c06d6f78332fd4c878d66dafaf04af04f347e128b8b923a535c63e4f483eb,dao1hnv8gn2s739n8v8g,-0.2163413729041862,0.21634137290418612,-0.21634137290418615
19,1,20262145,9a792130175906949d167dc5467eec4ce200f6198c5be2a964f69acf5adb059b,dao1hnv8gn2s739n8v8g,-0.30758787706230084,0.3075878770623014,-0.3075878770623011
19,1,20262146,6ea3701fc6bdbeff94bb1d47b5a85d72f435742cdcc3c3211e50fff5be2d6c1e,dao1hnv8gn2s739n8v8g,-0.9521101894963165,0.9521101894963161,-0.9521101894963163
19,1,20262147,9e98533051787db9c46ce0cf38968650b238738ee89dfce449596de5a63f22fb,dao1hnv8gn2s739n8v8g,0.13991802327051137,-0.139918023270511,0.13991802327051117
19,1,20262148,8d959357d507395317f6d5f4c53a7e0ce361234f088731e27e05200c8059f2c1,dao1hnv8gn2s739n8v8g,-0.041367680569408594,0.041367680569408344,-0.04136768056940847
19,1,20262149,d397283685e03e0da519360b4a8db3064b5a8d5eebf2e93f192652eea48aff64,dao1hnv8gn2s739n8v8g,0.4002342214383646,-0.4002342214383642,0.4002342214383644
19,1,20262150,c47cf053221e257652a7491a604d3c5506dbdba1f4a6e22ced4f49a3b07c1c43,dao1hnv8gn2s739n8v8g,0.7799124950598859,-0.7799124950598859,0.7799124950598859
19,1,20262151,f4bfaaff55962dbf3f6172b6acc4c3934eedeec13f13085157516171f0b3bfc6,dao1hnv8gn2s739n8v8g,0.5832559365587712,-0.5832559365587712,0.5832559365587712
19,1,20262152,54b5502f2bff1c80dc7247ad7fa40bcc65341bc84c55589980726618a0ddbf8d,dao1hnv8gn2s739n8v8g,0.25346730462611006,-0.25346730462611017,0.2534673046261101
19,1,20262153,bba6c4f5f6480edda7c378f491b5d11171ed4517b703fbc3ed51fb785e7bcf74,dao1hnv8gn2s739n8v8g,-0.27946957656188426,0.2794695765618843,-0.2794695765618843
19,1,20262154,19c2244cf0c645f30339c33b03e86b64288334b44c0443b456287853951feb79,dao1hnv8gn2s739n8v8g,-0.6292531769583406,0.6292531769583407,-0.6292531769583407
19,1,20262155,33f1b9d32eac7e09ed6a4bc735004ddd40a8b297fdb9b14ff9a2efc9214605f1,dao1hnv8gn2s739n8v8g,-0.048632367972845814,0.048632367972845265,-0.048632367972845536
19,1,20262156,dc7e03daa31716520bdf8449e7ce50256889812e2667d1a04fd1821dcdd986d5,dao1hnv8gn2s739n8v8g,-0.4923836780726149,0.4923836780726155,-0.4923836780726152
19,1,20262157,da8af97b7e3bbdc365ad28cba6f64950c82d5ee751c52dd6958cb88800df6842,dao1hnv8gn2s739n8v8g,-0.03893604546974659,0.038936045469746654,-0.03893604546974662
19,1,20262158,5ef362c06609763dea832f0c5273712173ecb1a6ee6076594ca203f077de1cad,dao1hnv8gn2s739n8v8g,0.5475621758788073,-0.5475621758788065,0.547562175878807
19,1,20262159,9b4021fd94aa875b61771bf9c20c6713a145f0cf840382c960c90f3d15880dde,dao1hnv8gn2s739n8v8g,-0.48072437924675426,0.480724379246754,-0.48072437924675415
19,1,20262160,1758f09dd4047074e5072c4ab55db689d3b65b76214c7b9fdd6a35b937e05acc,dao1hnv8gn2s739n8v8g,0.48197611315930516,-0.48197611315930555,0.48197611315930533
19,1,20262161,cdd58bc8c90d8eeb58c6bbcf6016fe2c5b21be619d2d71bece901b2b4d9e4565,dao1hnv8gn2s739n8v8g,0.31992760092204764,-0.31992760092204764,0.31992760092204764
19,1,20262162,e46e0fe50926e446dae63ee46b4711ae47032c9d4e9c41c01002eca8b2ae6b98,dao1hnv8gn2s739n8v8g,-0.11017910603099217,0.11017910603099189,-0.11017910603099203
19,1,20262163,5591406276a3bccaefa7f97a55bcccb634e0f4fff1141100bd222bb7d0f5b51d,dao1hnv8gn2s739n8v8g,0.7341227723341982,-0.7341227723341982,0.7341227723341982
19,1,20262164,c254fb2536e64c184af0ee4236bc2c48aaaf5b329becd24c6fd108c5f3265019,dao1hnv8gn2s739n8v8g,0.03865303946484612,-0.03865303946484616,0.03865303946484614
19,1,20262165,a8b0026b8a310202209f15fc92ef4b66ed401208e945502f298170c39ecf4d01,dao1hnv8gn2s739n8v8g,0.011719615141593313,-0.011719615141593425,0.011719615141593368
19,1,20262166,fc0493b4de910d7074749e638fe35ba79d76f1896d44031bbcd59f6bb239caac,dao1hnv8gn2s739n8v8g,0.5456255839458162,-0.5456255839458164,0.5456255839458163
19,1,20262167,27c8b50a628a11479a8a423847902e64b9c6c855670b248c7acd8512ba37ea7b,dao1hnv8gn2s739n8v8g,0.009869186525118236,-0.009869186525118133,0.009869186525118184
19,1,20262168,ee71914c40d9c7373008ce2d90dfe41ecfcee3bfde5b82c9ef738c3ee641f897,dao1hnv8gn2s739n8v8g,-0.7855303063922178,0.785530306392218,-0.7855303063922179
19,1,20262169,1508623b69ff4b12c8d64dc9418562fd5a6042e1118dfa66d57db080166c3f20,dao1hnv8gn2s739n8v8g,0.023513418308536843,-0.023513418308536913,0.023513418308536878
19,1,20262170,6ce8418a00f12fc379ee9322a12b420e6ecdbd7bce3bb672f1a229aefb1ba200,dao1hnv8gn2s739n8v8g,0.38429878287224756,-0.38429878287224795,0.3842987828722477
19,1,20262171,4bb3881f589d8221c4ae1c424190ea40ee24f02aba15b83f920a786901296bcd,dao1hnv8gn2s739n8v8g,0.022463514230601188,-0.022463514230601066,0.022463514230601125
19,1,20262172,5a5cad4f98222dce48ae2ed08ea7a9fa2fb9e811bf0d112369df80f571634d86,dao1hnv8gn2s739n8v8g,-0.2937457785763892,0.2937457785763893,-0.2937457785763893
19,1,20262173,d86a515f03d70f644335bba54ace63f26b34d5b8e2a6bb6be10a08c096a27334,dao1hnv8gn2s739n8v8g,0.11159471959001305,-0.11159471959001344,0.11159471959001324
19,1,20262174,1a6a41fbf07d100ebab64ed39df6fdefeda873fbed5b7bde1802f4ca683aad48,dao1hnv8gn2s739n8v8g,-0.2622503656236452,0.2622503656236454,-0.2622503656236453
19,1,20262175,e3840c3fe5e52c03072d3449868953552c0ded84bb620e1fd60d1c12d1af3383,dao1hnv8gn2s739n8v8g,0.06676177407262453,-0.0667617740726244,0.06676177407262446
19,1,20262176,459b1de387d1ce313395e61be4a6f83c5e6dc93fb528202a294d4b2ad08d0892,dao1hnv8gn2s739n8v8g,0.26078013162330715,-0.2607801316233069,0.26078013162330704
19,1,20262177,cb2834fa8d926c535c0ec807b9d7ef0ca0750783e7be43e6923e14910f0d53b5,dao1hnv8gn2s739n8v8g,0.2461351236324003,-0.2461351236324002,0.24613512363240025
19,1,20262178,eb5f476ceba625b9d93fa0822992e6543ef812f68fab0682a4a4a4b39cef59ef,dao1hnv8gn2s739n8v8g,-0.13904439477776132,0.13904439477776157,-0.13904439477776143
19,1,20262179,937ce74f5bbbfc2e037b56430b9f628e6fc0cb03adaf7ee019abd79cdf820827,dao1hnv8gn2s739n8v8g,-0.20224818006977718,0.20224818006977716,-0.20224818006977718
19,1,20262180,ae9a62f0b4d17132c91005a69260a7bf695349a73cc10b6613c39c154a13bfbf,dao1hnv8gn2s739n8v8g,0.4672256737846886,-0.4672256737846881,0.4672256737846884
19,1,20262181,ae6774a981fdf5920fc991855bf13974f8aeabe59ec5977a2e58939e650214be,dao1hnv8gn2s739n8v8g,-0.08389435765016542,0.08389435765016554,-0.08389435765016548
19,1,20262182,b1d1e479ca890f9875634c4ba4e091b313a02451d157eb370cd38b6bff822f01,dao1hnv8gn2s739n8v8g,-0.6250941139476383,0.625094113947638,-0.6250941139476381
19,1,20262183,48d9a2ba1799b8a435019407ade216703f9f49e62cb28878b0ef24f2e4da2800,dao1hnv8gn2s739n8v8g,-0.16468566091976353,0.1646856609197639,-0.16468566091976372
19,1,20262184,a7b2f33c1b01417bee7a0903fae7706d12a394875d6dcdba03a8491757e9c820,dao1hnv8gn2s739n8v8g,0.01844162792026207,-0.01844162792026187,0.01844162792026197
19,1,20262185,9681f632f9d55285cf5b0f9ca930cd63087337e3240eeebf27410cf9c20d253e,dao1hnv8gn2s739n8v8g,0.8174210036438359,-0.8174210036438361,0.817421003643836
19,1,20262186,2651438d76dfdd2399ab570584a0dee8c69c486c3fa5f5cf65b8b0a82af6ecbb,dao1hnv8gn2s739n8v8g,0.10116208352375677,-0.101162083523757,0.10116208352375688
19,1,20262187,26b1f99770ed3ce5c5ca84d62a159c387d65500de2e645fd96ea2fe4eb472c71,dao1hnv8gn2s739n8v8g,0.13180536748522614,-0.13180536748522592,0.13180536748522603
19,1,20262188,526fec4edf91c95de2a66664bed65cf1d1869a03636f6f0473626eaa1758df26,dao1hnv8gn2s739n8v8g,-0.1294991558806899,0.12949915588068994,-0.12949915588068991
19,1,20262189,528075ccd83b9201b04cfa1b09fb2d9c9462f01e189a4f18eac8ad103b94883f,dao1hnv8gn2s739n8v8g,0.9811393225038614,-0.9811393225038615,0.9811393225038614
19,1,20262190,1968cff8141c73868be1d5e7091f4343bba1d2370d159b05abb9a2488f5c8664,dao1hnv8gn2s739n8v8g,0.15500241330135534,-0.15500241330135553,0.15500241330135545
19,1,20262191,37f6f5d4cb94865385b7c5a5a2b08dd4e2da77c8a8c755a7dbc8f00b50edc713,dao1hnv8gn2s739n8v8g,-0.03041758702790852,0.030417587027908206,-0.030417587027908363
19,1,20262192,0dbd661f9c1a7fb2d987535a59a6cc0470c75da5ba34606f7c5b0ff410b94370,dao1hnv8gn2s739n8v8g,-0.06330114530747646,0.0633011453074767,-0.06330114530747658
19,1,20262193,721f05631d525b24d5aafa27bbc33471114fb23b5218cbdbbd946a1db98d19e6,dao1hnv8gn2s739n8v8g,0.5142373641381521,-0.5142373641381528,0.5142373641381525
19,1,20262194,86b98dbcf9221945228f5cadd310785f40e547d7c0a177c17fc2319739f54ca8,dao1hnv8gn2s739n8v8g,0.5733417500125422,-0.5733417500125426,0.5733417500125424
19,1,20262195,c7db19331dc9f4854aecb90cbdec46b775a61e045169cc1ef8448f5dbd6136ee,dao1hnv8gn2s739n8v8g,-0.9084013446974334,0.9084013446974333,-0.9084013446974333
19,1,20262196,4840831262a97871cbae190fb16a206db45dabcc7a4523b10f64c376649b46b9,dao1hnv8gn2s739n8v8g,-0.4381006310792359,0.4381006310792361,-0.438100631079236
19,1,20262197,96f0f3fe08337f1aab33e693b7dd974418f7b5e1ef894ada0f28aabf6ca44d81,dao1hnv8gn2s739n8v8g,-0.37115773081528863,0.3711577308152887,-0.3711577308152887
19,1,20262198,8b789e541fb47fc0300de018f8c04184a48d1239c9e76fbed22433c5dfcb5685,dao1hnv8gn2s739n8v8g,0.5527385590909599,-0.5527385590909619,0.5527385590909609
19,1,20262199,2a707f383676ffe24dba9b343bd805059e720ded874a8bc257f5284b0bfa9375,dao1hnv8gn2s739n8v8g,0.4171611007049305,-0.4171611007049305,0.4171611007049305
19,1,20262200,70a7efe294a4b7f22977b7ecee3042a8691f095f454da5143bf80c06f3b23b5d,dao1hnv8gn2s739n8v8g,0.0018105490975437912,-0.0018105490975438947,0.001810549097543843
19,2,20272001,c111a93b79c36fde598b9e10c785e47817b2ab303a8db34ab31f9c9ad45e1880,dao1hnv8gn2s739n8v8g,0.37399505517142373,-0.2836088102941964,0.32880193273281005
19,2,20272002,d6869132e80cb16e98f5d189af08b4fce12397de9d095e2dcb54f266d227396c,dao1hnv8gn2s739n8v8g,-0.15826328042455723,-0.46229091909225717,0.15201381933384997
19,2,20272003,18f2eded9e7754e86087b941d00587d8e3d119f569cb091ab06434b08b283573,dao1hnv8gn2s739n8v8g,-0.21528779676286353,0.22780906423566546,-0.22154843049926448
19,2,20272004,d932857bf3dbb61b3c6fc82ffea6c1b828de14555d57f150cb58f682619c26d3,dao1hnv8gn2s739n8v8g,-0.42647084577392436,-0.031184444155898702,-0.19764320080901282
19,2,20272005,fc54e758e482516271eb2db0888a9672321dd9c2413312df7b12d88f81b57619,dao1hnv8gn2s739n8v8g,0.09192788393657388,-0.0844107568873782,0.08816932041197603
19,2,20272006,b57859c7c801c13f44ba2ca8ac45f6a506c1c15e63587e7e274bf827c100b1a4,dao1hnv8gn2s739n8v8g,0.48405300468910367,-0.10236767202033964,0.29321033835472166
19,2,20272007,1643d49d20972c056df5f9b98fbd66cf6297cd3e922fbcb1b8322a3e2a658544,dao1hnv8gn2s739n8v8g,-0.6902553550613904,0.6921196921237904,-0.6911875235925904
19,2,20272008,02279e2d3726d5b449f1b6a22f4459055e789c0f4556b6cf46b554dc8deb5f3e,dao1hnv8gn2s739n8v8g,-0.1549717266924604,0.07746460671939687,-0.11621816670592863
19,2,20272009,65a2b98475ac45d88017c96c5a666b88173f19ff2f7df5066593c7d72abab3dd,dao1hnv8gn2s739n8v8g,-0.35465964269495054,0.36423564150876914,-0.35944764210185987
19,2,20272010,314b2006c3062f20b16ab912cd046029534676a5e8b095ae97a973a5528e4fde,dao1hnv8gn2s739n8v8g,0.17387824108123068,-0.18051298072122418,0.17719561090122743
19,2,20272011,240eed4b2c3438fc6f9fbdec2fefe67df75747eeb5970ebdf9902749f86c7de2,dao1hnv8gn2s739n8v8g,0.5511638044526328,-0.6128841412279837,0.5820239728403083
19,2,20272012,f46da4bc06f5f1bc424d417ec7fe23f22c9e8faea7239f8b09721102c851fa95,dao1hnv8gn2s739n8v8g,0.022352504638285555,0.004786329360253628,0.008783087639015964
19,2,20272013,6ecd741b471e31175224b37bf0ea1f3df426aa536775117097ebc136dce7214e,dao1hnv8gn2s739n8v8g,0.03120890138853264,-0.03833996422245037,0.0347744328054915
19,2,20272014,89f7773fc287ed3cfb0f916641a82ca34a9c214bc1558f2ae53ff346acc95417,dao1hnv8gn2s739n8v8g,0.3204438761782965,-0.3213715850120987,0.3209077305951976
19,2,20272015,559096a93fdaf3d8f3094e97742e2564c2f7d828d7623798378b48fc033f04ce,dao1hnv8gn2s739n8v8g,-0.003444989333750153,0.21958157342622042,-0.11151328137998529
19,2,20272016,4130208ad8b1b71a36363a77e99e7a235a8deb13d20edda56d129ec1233a80b7,dao1hnv8gn2s739n8v8g,-0.10055984596063927,0.08474826188271754,-0.09265405392167841
19,2,20272017,3aeb80c1861fefab45948c5eb3926711d1ba1c78b93ab325c8815d945c488bdb,dao1hnv8gn2s739n8v8g,-0.11724922145014419,0.19933022246653648,-0.15828972195834035
19,2,20272018,a35ee4218e49e6ea4d1be7529ddb6a6afa2858b7eef7afd54fb77151ae00dc7e,dao1hnv8gn2s739n8v8g,0.16851160966424833,0.09827908815915429,0.03511626075254702
19,2,20272019,080cabce9def70070b6f81acfddc8b70587e69470cf563b83d4ae22a9df260c7,dao1hnv8gn2s739n8v8g,0.104720450478786,-0.08833390374023284,0.09652717710950942
19,2,20272020,bed90fa50c671d7b9742a315b077f4947b4f72e5665f054c9ce6b2840ade597a,dao1hnv8gn2s739n8v8g,-0.22454044125074135,0.08617523212503621,-0.15535783668788877
19,2,20272021,cc3d5a445c88b9469c98610a54d3325064ee981ef952eb9604d6c43ebd41a4cd,dao1hnv8gn2s739n8v8g,-0.21616318078904265,0.18690972477299356,-0.20153645278101812
19,2,20272022,20f2a00ed00a5d4a4bd72552074c3df81c5e1b0ec7cd2fc5f30943b6beccd480,dao1hnv8gn2s739n8v8g,-0.5226060077757549,0.5769717634226431,-0.549788885599199
19,2,20272023,410d69b36a52ffa97508ceaf83437b01c4114b8cf23b0d34d886ef17705e5896,dao1hnv8gn2s739n8v8g,-0.1753066402511852,0.04919354239925375,-0.11225009132521947
19,2,20272024,d7e01f7d602a68e91aeff3b79073d9dd550854fa33e4c5721b5c5c0f50c9cb19,dao1hnv8gn2s739n8v8g,0.07571091870123078,-0.03711733557979144,0.05641412714051111
19,2,20272025,576df593eca140641ae9f437e3c5e0fb9fed5920defd2e2e57afa31b08c2c9ed,dao1hnv8gn2s739n8v8g,0.020676514880556704,0.017606149110032922,0.001535182885261891
19,2,20272026,526d35e13100a13525e06ac88304e324ee899157c087d77031b9f54c8082466a,dao1hnv8gn2s739n8v8g,0.5126369908462319,-0.5089107166001138,0.5107738537231729
19,2,20272027,383ef3356b149b5399624663099a4e4165c954f0a20c7beca2aa1819aec0e095,dao1hnv8gn2s739n8v8g,-0.18000492678380609,0.27544916233419714,-0.2277270445590016
19,2,20272028,f5166292bc1ef0816d64e1ee4ca7c95fd30d8fbf36c0ba8359b7bc8ae5d5a33e,dao1hnv8gn2s739n8v8g,-0.05101116130140385,-0.045276006046621686,-0.002867577627391083
19,2,20272029,f1187b8fcd27d7401cd40bed0195a6fab39a42ef59758a3107a5e9dc150695af,dao1hnv8gn2s739n8v8g,-0.033442124882858984,0.046595687511879536,-0.04001890619736926
19,2,20272030,b3107bd14f6533742de45bf9e6d0384a8ef5f27fdabbae5f1c3558bd32316bb3,dao1hnv8gn2s739n8v8g,-0.4679412777001237,0.46734720458889645,-0.4676442411445101
19,2,20272031,af396e4f099817ab6e3ecae672d43a8fcd295a6c09849dacea90fdd8cd27d3cf,dao1hnv8gn2s739n8v8g,-0.08567823268278371,-0.07548837691619274,-0.0050949278832954845
19,2,20272032,4e199c9e24ee7b3a4a45edd90f940990ad634ee30cadf7092a7a47b0452d9e40,dao1hnv8gn2s739n8v8g,0.238177354509982,0.30899482105533527,-0.03540873327267663
19,2,20272033,2da19ed047a524441030030b20e8173da415acae72c3327be96e1f15c367480e,dao1hnv8gn2s739n8v8g,-0.32744411774110155,0.32931982506815743,-0.3283819714046295
19,2,20272034,a763fde67ce9ebcdbd1d3cf7423b7c201c3d2d96fbd60fc78f3138280b44ab11,dao1hnv8gn2s739n8v8g,-0.22949437447689897,0.22640893389885203,-0.2279516541878755
19,2,20272035,88f711b44f89900bf2778b5102313c5e351b9743f0669dfd04963783dac9ab78,dao1hnv8gn2s739n8v8g,-0.17859560901247684,0.17511803536818632,-0.17685682219033158
19,2,20272036,2fb30c37385305c28c0cf0ca88d5f18eeb696b46115a8a68943e51666e11bc3c,dao1hnv8gn2s739n8v8g,0.836344962597722,-0.8529363414789162,0.8446406520383191
19,2,20272037,2b6f6477df7b6b6a395c3ba0c21fc92f750a46b60ba71f3b81806676cd05f9ef,dao1hnv8gn2s739n8v8g,-0.10978649657053417,0.4071035013231047,-0.25844499894681944
19,2,20272038,f11a10623135ed2f9edffaa5711c00fe5efcf410992a3e5da4eb03c91d250771,dao1hnv8gn2s739n8v8g,-0.20227783134043703,0.22692058712170107,-0.21459920923106907
19,2,20272039,75e5a6a6bb745f3b860a72e40eab8fd4a7eb6966d7a8492098394dd1ecb05c58,dao1hnv8gn2s739n8v8g,-0.019496546799102024,-0.01742579080159627,-0.0010353779987528778
19,2,20272040,f098b13aea27a4853b98f2ca02193ed2b732d305f9133f0607f141307705b7c0,dao1hnv8gn2s739n8v8g,0.14642459942795474,-0.08263611888293125,0.11453035915544299
19,2,20272041,36064e3bf44b530b323948bb22079ab94b99e4894b975b1b591927ead3c981cf,dao1hnv8gn2s739n8v8g,-0.27657038535096473,0.7508796002976725,-0.5137249928243186
19,2,20272042,7520e2c852cf4e4e223396e9cdf7a214ce55ac7f88eb8cce18efdcd93a7e5b82,dao1hnv8gn2s739n8v8g,0.9383653333396922,-0.9380035831005596,0.938184458220126
19,2,20272043,5ae30190dec464f959b508e610ca1ea314ece6b2a20e3660282c388ff66a1431,dao1hnv8gn2s739n8v8g,0.13167743250271474,-0.1662944640617589,0.14898594828223682
19,2,20272044,d21945c8d9d1f5b7896ad7121d68c7d1f5c7eff96729485b64cce3b595144ca9,dao1hnv8gn2s739n8v8g,-0.6458570603270604,0.6150140403972761,-0.6304355503621683
19,2,20272045,a182d9a49b7579ba94accf4d65a699b123e2c0c0c1f5fe4aacddf33249f237d4,dao1hnv8gn2s739n8v8g,-0.2767165640317425,0.3781292140919114,-0.3274228890618269
19,2,20272046,890f02a8b5e7ed8c14279feb99a2a11f5aa85d59314f088e3dd08cba3ef748f8,dao1hnv8gn2s739n8v8g,0.19406656249144205,-0.19070288183097633,0.1923847221612092
19,2,20272047,a687841a02a1fd27431f671951c48eca6ffad17898ea6094ae113fc142848c70,dao1hnv8gn2s739n8v8g,-0.026469990302600034,0.026962267040902484,-0.026716128671751257
19,2,20272048,25a0fae1edf1205214d76968a2f4b4cb59487189b06c7110cc0de59cad15bb21,dao1hnv8gn2s739n8v8g,-0.47036325785716415,-0.10752276418585516,-0.1814202468356545
19,2,20272049,e5ea031e19c7908949f0330e727716930a474ab1fd70caacfc7c56895b42f40b,dao1hnv8gn2s739n8v8g,-0.05324675988938245,0.01080927615279766,-0.03202801802109005
19,2,20272050,faf154a1610274569d085857a86a2d3a5ac7740faec4599a2bfc85a3dc862d94,dao1hnv8gn2s739n8v8g,-0.7594749769734092,0.6249513123436621,-0.6922131446585356
19,2,20272051,6f71bbabc1884f15e36451aaca6b30824f5d361790ce0b42572b131d0454abe5,dao1hnv8gn2s739n8v8g,-0.5878177802220688,0.33817159485097975,-0.4629946875365243
19,2,20272052,643182a1b916657bb95d82b8d4e533f79c42c2b7b0a7fcea17ddf1a310ece9c3,dao1hnv8gn2s739n8v8g,-0.021895376850588705,0.17988826681210612,-0.10089182183134741
19,2,20272053,7ed0aac126663505924471a6a4a428c2fdeda10ad23a189dcf0f597f241e4731,dao1hnv8gn2s739n8v8g,-0.38731084782396885,0.3847081796320678,-0.38600951372801834
19,2,20272054,610f4c4b4e60c212f189f9e2b7c18f746fb185894492aa8f364283bd0df10996,dao1hnv8gn2s739n8v8g,-0.4464493175145015,0.4387341516831546,-0.44259173459882806
19,2,20272055,b511c0b240e00d3626188143e7d819b2956003399beca01b37881f9410f14ef7,dao1hnv8gn2s739n8v8g,0.3284583523175488,-0.2798441317736403,0.3041512420455945
19,2,20272056,36cae3f6682f406cfa2d4c08bad144a3f5685fb43e506eecd915fa42069e00e7,dao1hnv8gn2s739n8v8g,-0.34255873369770734,-0.28433554111186776,-0.02911159629291979
19,2,20272057,dcf237dd93d9ad2471a45060a841390c72804290587ee465094320ea5cbc5bfc,dao1hnv8gn2s739n8v8g,-0.07067101301282408,0.10517781280859917,-0.08792441291071162
19,2,20272058,9d5b6384f86abd5d02712a338d9d8985151b8b0f1baec910969a4a4a796d7cf7,dao1hnv8gn2s739n8v8g,-0.17756773880554697,0.1909338404277455,-0.18425078961664623
19,2,20272059,8ff184788148a90e6c817cff1a950f2fac329ba08fae20edd6d0be73a8a272dc,dao1hnv8gn2s739n8v8g,-0.008192636550507197,0.07427390543377088,-0.04123327099213904
19,2,20272060,24f6a3b05fba7e3306f0b7ea78e90c735ca93e09b53059f6feb4b73764f8e293,dao1hnv8gn2s739n8v8g,-0.013826678179786216,-0.009504850310588238,-0.002160913934598989
19,2,20272061,7fb146007032d686191d0d59d10e741da7bd0380a17ee27d660efe48fd927072,dao1hnv8gn2s739n8v8g,-0.20764448164389557,0.18986862422145698,-0.19875655293267627
19,2,20272062,f32cb10a75b3d8cb862fc3e383fa900fc40dbe12739a2912de07b9c3462b26d4,dao1hnv8gn2s739n8v8g,0.48599076971311334,-0.5240416792739311,0.5050162244935222
19,2,20272063,d07a62b12587bacc7ba2d4ad9d3bdcc4a8e70a0155261f0a980c1529a82bd28d,dao1hnv8gn2s739n8v8g,0.13809569396269192,0.1633422914833713,-0.012623298760339685
19,2,20272064,feb681174c4a8789b3df958d39fb262ffc1ada64e2a6e8ab419fdfdfda487f9a,dao1hnv8gn2s739n8v8g,-0.8420298266310734,0.8547037791405474,-0.8483668028858105
19,2,20272065,ec877d66cb84e285dd805d117f0d0282bbfc2f184ba85a275fad9b7e822d1dd2,dao1hnv8gn2s739n8v8g,0.18659500505379717,-0.20205379334230247,0.19432439919804984
19,2,20272066,baac734ed1c644bf450d0c58ae6d41e335cb99a0c7404fec2f453ee39ca3a2a4,dao1hnv8gn2s739n8v8g,0.07986449995966168,0.10680346291928221,-0.013469481479810266
19,2,20272067,973fe87765c305cf1e63df652d047d7354d47df381bc5b2b67f0e98dc03f4791,dao1hnv8gn2s739n8v8g,0.15141020892404602,-0.14671349085385504,0.14906184988895055
19,2,20272068,ce5a4091d692a8dbabaf45544c8af620bf909f4caf50676c9616e32aaa1bbe4d,dao1hnv8gn2s739n8v8g,-0.3513648286831419,0.4088843582272732,-0.38012459345520755
19,2,20272069,4fc0076818e83815a904558dab083925d8a61d6a554de0cff51b327b5f88d411,dao1hnv8gn2s739n8v8g,-0.36955600310651926,0.4027820542613747,-0.386169028683947
19,2,20272070,f5fdae9aa1a838761c3858df44e87ca2deb1063a8d0ebc435c513d8518c8459d,dao1hnv8gn2s739n8v8g,0.05492805188022458,0.012973729134252961,0.02097716137298581
19,2,20272071,ab4c6c7c14c43e5434899b927dc6b33d0bc08b01996b07c97d317db45e896318,dao1hnv8gn2s739n8v8g,-0.5527861913253541,0.5611305074372087,-0.5569583493812814
19,2,20272072,097ca09225c203f054ab8bf8764613a7f8c8b345900073c530e5cc3493f0e589,dao1hnv8gn2s739n8v8g,-0.25468689763661556,0.17153065743565546,-0.2131087775361355
19,2,20272073,f475d1ba2f1da77dc2272e860d1619ecd1c752afe1c11534a7d687868ab92d89,dao1hnv8gn2s739n8v8g,0.1172711053722671,0.0033049169239204915,0.05698309422417331
19,2,20272074,d1fbcf87481c161c1002b635159434a2ef46e04f745f466fdf401f8de7e618e5,dao1hnv8gn2s739n8v8g,0.007198257600988411,-0.00698231103129784,0.007090284316143126
19,2,20272075,b32285be576d44b255954edfd5b7fe17d03faf4bc6d1b20e8ef1b84c2cae66db,dao1hnv8gn2s739n8v8g,0.3423113519813684,-0.26883629830051686,0.30557382514094267
19,2,20272076,e3a4b36842340268284d5ba7663f1f1444349fc8af615c7e494726729bb09fba,dao1hnv8gn2s739n8v8g,-0.2518734986878092,0.2502594225314169,-0.2510664606096131
19,2,20272077,9d89a239710cfebbbf88046bb573341e17f08baa85c43682947253a27d4f4bf0,dao1hnv8gn2s739n8v8g,-0.1299534566163125,0.034179111895739245,-0.08206628425602587
19,2,20272078,7697a3f77f8488c401e00c2079d1292ee3330bdfa19dc70b4c6d6900eaafc0e7,dao1hnv8gn2s739n8v8g,-0.002654269374738704,0.0021693819633018026,-0.0024118256690202535
19,2,20272079,2bd82eda0272623a0f4cc498adea6b1162c719fe774a34ec994328dd2122390b,dao1hnv8gn2s739n8v8g,-0.49276546201053795,-0.15551468599184137,-0.1686253880093483
19,2,20272080,797a93e1f4164e74d3eb4f23805723aef3500474599a1b9ea0246205fd0ed605,dao1hnv8gn2s739n8v8g,-0.08725465864904712,0.1207398750553946,-0.10399726685222085
19,2,20272081,ad7dab4ebeadaca60405af998227e6e1f64ac7992fbb450595aca92cc1df9eb6,dao1hnv8gn2s739n8v8g,-0.17979808475527345,0.17263734017274282,-0.17621771246400814
19,2,20272082,3f06e88833f6aa879df92f37158de9ccef53164a82e7c17344ba896ba270852b,dao1hnv8gn2s739n8v8g,0.046567065396885966,0.09010414595854596,-0.021768540280829998
19,2,20272083,8514110e742195dccd5e00f0da104ae3fde95a5d8590638c3635a2c4a1c30f95,dao1hnv8gn2s739n8v8g,0.11141228396830832,-0.09052036297302689,0.10096632347066761
19,2,20272084,2d685ea02d0caa440f99c7f1aa9b7ba2044f72e2be289f1338f72e5a13ebcbca,dao1hnv8gn2s739n8v8g,-0.35054036188749677,-0.1428865971228161,-0.10382688238234034
19,2,20272085,a7a63a53fc7c0e8bcd0cf21480d8e0d2755b7f8531cfbf2a5e965c2dca911683,dao1hnv8gn2s739n8v8g,-0.280396387123246,0.37217977192287294,-0.3262880795230595
19,2,20272086,49c9c02e611754762b91c49e96eeceb901214d37c3f3084afdd43ea471c03f48,dao1hnv8gn2s739n8v8g,-0.062039365068430226,0.06825244098576656,-0.0651459030270984
19,2,20272087,2d26b9430779dd0466ded5502b41aa2798fd66321d278759a63135fa00544d24,dao1hnv8gn2s739n8v8g,-0.18211258937423588,0.06968400236336503,-0.12589829586880047
19,2,20272088,24b950a6b3d6955489b615a214ae86e356206882f3d1f5110d8d66cf240efdbb,dao1hnv8gn2s739n8v8g,-0.14507573391594034,0.14611260064793538,-0.14559416728193786
19,2,20272089,0484373ad38a4de2c9d0ac545f8cd169fb2e08317c1697f2c3ffd7d524233b5f,dao1hnv8gn2s739n8v8g,-0.012165350056273873,-0.04964773233147911,0.018741191137602618
19,2,20272090,025f3d52f892a8a9ce374f1c9bceffbb29130bbf9f3d1d6ca877ff32dd73fd40,dao1hnv8gn2s739n8v8g,-0.4689703017821361,0.5026638290315655,-0.48581706540685077
19,2,20272091,27aa8b9c37a186ac7aa61779c670caa4cf11e181f86685b0edfc3eaac89d7352,dao1hnv8gn2s739n8v8g,-0.003557313137257564,-0.17332876613987327,0.08488572650130785
19,2,20272092,c6c43f9ca6f4630037bfd655ffddedb48d70bc61b649f063b81d331ebb12a060,dao1hnv8gn2s739n8v8g,0.20283623233172965,-0.1634602650123643,0.183148248672047
19,2,20272093,2f57b12ed37175cc10fcf9f580831c15427b2d08896ffdc6144a1b9c37d10f1b,dao1hnv8gn2s739n8v8g,0.09930632106813385,-0.1282395675219612,0.11377294429504753
19,2,20272094,3b6247f7d9f49af82c1ed6256517cc8380519faa17c7b1319a7a0337b0700a4d,dao1hnv8gn2s739n8v8g,0.07045437567593373,0.007589254043166467,0.031432560816383626
19,2,20272095,22c61bb062271a8613dc789d234c7fd297d8ba9b5e6f428c31a1a972beaccb65,dao1hnv8gn2s739n8v8g,-0.016946060507837785,0.021256810483269467,-0.019101435495553626
19,2,20272096,f3a31197b0940ee15824c86f21d1ca9dd9932f653882d01712f668ddd27d655e,dao1hnv8gn2s739n8v8g,-0.2716966781298799,0.26243643490218105,-0.2670665565160305
19,2,20272097,529f4854224ea6a85ad374ae03174bc234d39273e6e5742212b6d52e3d2dcd36,dao1hnv8gn2s739n8v8g,0.23785923999223157,-0.28037465232447556,0.25911694615835357
19,2,20272098,3961404230b5c66f3526001be1fab6ff9b4886228e19e4b2faaafcbc048623ac,dao1hnv8gn2s739n8v8g,-0.20403948953470397,0.12765460975741252,-0.16584704964605823
19,2,20272099,403287c658e92f313b956dfb22b048e1883dc344fedf4d04f5490e6f8707fe80,dao1hnv8gn2s739n8v8g,0.34754989207401793,-0.3165330997079244,0.3320414958909712
19,2,20272100,95abe3c4357e6f363012cf4e31db10a075042bc7d8154390c2d71949aaf2e3b9,dao1hnv8gn2s739n8v8g,0.16968182363637008,-0.17681929596961699,0.17325055980299353
19,2,20272101,519acfbb0b64822165f60acd7ddacaa2633bba4cb716246005e736609089546d,dao1holr85ps73feltg0,0.8767208101592155,-0.9033324700871462,0.8900266401231809
19,2,20272102,1c6c7c088e3cbc2149b1133485c6bc98110a901c917041546fe78195ecb538a9,dao1holr85ps73feltg0,0.02883707044416193,-0.1520494679185462,0.09044326918135406
19,2,20272103,3dcb6a90ffa65b0cb7902e537db7528eadd9c700b559e3ed694d502c55963931,dao1holr85ps73feltg0,-0.009837982680370573,-0.05173632193274523,0.020949169626187328
19,2,20272104,f90ff5419185b80a3ea387d0f5b8b9c8df589c907abd2e3f731ebccf2e6f0761,dao1holr85ps73feltg0,0.09827023521798033,0.03757973515607119,0.03034525003095457
19,2,20272105,068f1968074fd9892f95d20591962f677efb6c8461f9d8a95a080a23dd39a987,dao1holr85ps73feltg0,-0.6069273418413194,0.6122992930803313,-0.6096133174608254
19,2,20272106,4f7a9d26be56038b93b1fc71f8f7fa6af0d193494ade3c969dff81814a9c1ceb,dao1holr85ps73feltg0,-0.7317792517488885,0.7110142943271995,-0.721396773038044
19,2,20272107,bca239888f7e5ceffd6e2f0ed9f69126219a641013d1c2be41126f04f2b89a59,dao1holr85ps73feltg0,-0.49375059801122545,-0.49939387316453454,0.0028216375766545454
19,2,20272108,fdd229296598740d114fcfc2e28e0271a98be9f30eed6530612dd524bb90e136,dao1holr85ps73feltg0,0.10507949811922497,0.04566513820673474,0.029707179956245115
19,2,20272109,69d3ba17f99f24687bfb284eb48b011d44c187becd6a9a8881724c1b18422bfe,dao1holr85ps73feltg0,0.02610838035500309,-0.025428411916803242,0.025768396135903166
19,2,20272110,480d74ef6a8711c6c63b1a66f925c7af494ac713780ca38e3906f836821105ea,dao1holr85ps73feltg0,0.42446871452729346,-0.38914998864568395,0.4068093515864887
19,2,20272111,a45bd4f9ac823aa1f5a21ab910ceec5dd515caf08ba290b45f5f8f7ffac695c2,dao1holr85ps73feltg0,-0.03098686213644198,0.03789469103897054,-0.034440776587706265
19,2,20272112,46088e9673f496c083c46e7571398f4a2e8f64c9b5914f9ec8b31e929234f3a7,dao1holr85ps73feltg0,-0.04893434601681265,-0.014155572104834322,-0.017389386955989166
19,2,20272113,1b43e20b8771ab6b208c234716afed5f1fbd2cbeb1af8bd6e0aaa9594fb1339a,dao1holr85ps73feltg0,-0.5122563767498225,0.37905113939729024,-0.44565375807355634
19,2,20272114,7c38a7633dd67cf5f02e0266f4dc6cb75967f96be4f26c23ef4a0787aad0a2b7,dao1holr85ps73feltg0,-0.32711799297711236,-0.02771661159830291,-0.14970069068940473
19,2,20272115,b22fedafb9ee862392b6e3cdf1774abe4f2498d731e1e142e818021325b0ff69,dao1holr85ps73feltg0,0.449102160108531,-0.43365802436289586,0.4413800922357134
19,2,20272116,5f52eae40aa64858459121f0fc6bf588facaba45a02ba834ecaba92715bf5c3b,dao1holr85ps73feltg0,0.10446620935714511,0.15179187206878297,-0.023662831355818932
19,2,20272117,4d740e1fd66f5f7b8374ad88fd7f2ccb8844ad988a3eb3d8f8c3d9268badfd92,dao1holr85ps73feltg0,-0.36443219869209403,0.03811832346621038,-0.2012752610791522
19,2,20272118,9e9138495faaa02c33051c996b4f0956a92b60fe7f17af01ed27d65f75828d14,dao1holr85ps73feltg0,-0.036762151857231695,-0.05893408738658103,0.011085967764674666
19,2,20272119,15184da8410c2117c0e0f2693abaa3c6ba5d1053d047cb96a32d0df1563f1b33,dao1holr85ps73feltg0,-0.691297322541868,0.6975139693528987,-0.6944056459473833
19,2,20272120,f7084d587b46bcb338ae5e7554c6d84817e05b99df244d6f4579e5e8b998b47c,dao1holr85ps73feltg0,-0.13908681711911627,0.14566933558437672,-0.14237807635174649
19,2,20272121,ca4adbc9902fa6253172bc8081f62cc5c9d13946421cfc2d49ab7a4a4173d7f3,dao1holr85ps73feltg0,-0.06920837983575422,0.18510496511149965,-0.12715667247362694
19,2,20272122,8f300087cbb45713cf836651e38bf7732440f3faa1980315654349fc48679bf0,dao1holr85ps73feltg0,0.6945129926063163,-0.5144609961468146,0.6044869943765654
19,2,20272123,88823bd6abcc9d8c55e4681c80f774698f1e60d2cb7de0f2161836adf3ab6cb7,dao1holr85ps73feltg0,0.0016239641106707762,0.011898401016177694,-0.005137218452753459
19,2,20272124,879b3cb8f2667502f6fd1841d786828204c1d750650bef1362ba422e529af443,dao1holr85ps73feltg0,-0.20947779645395664,0.14856708189570386,-0.17902243917483024
19,2,20272125,78ec79397283215c8cefe447f11ff319a687af44bf1bc5a828ca9a33f4bfcd76,dao1holr85ps73feltg0,0.7520538972202365,-0.6316988512562278,0.6918763742382321
19,2,20272126,5da3872ecacb05121397bdc913e2b26a4270fe21639821b385081e69dff244ac,dao1holr85ps73feltg0,0.0223174004274273,-0.022289498161998697,0.022303449294713
19,2,20272127,0c0b6ed192e5d5e935111fd65feb00730028abf892f07f841b6603bec1e7c8d9,dao1holr85ps73feltg0,0.39605703096716816,-0.36313489789259895,0.3795959644298835
19,2,20272128,b3a7dfd28acc51a0434f451c93a954aee7c8d25101bf4530bd9e556fafbbf253,dao1holr85ps73feltg0,0.11056244858419065,-0.014764239440848618,0.06266334401251963
19,2,20272129,558f5ea739d07b8cf8faa8f783d499eb9a9b998dd1b0f257da83cd864bbdea5a,dao1holr85ps73feltg0,-0.1308699818633891,-0.006606946235175205,-0.06213151781410695
19,2,20272130,b5b18af16a7a2ed826a29a71d76ddaa75aa5988b0d691100910793a0bddf37fd,dao1holr85ps73feltg0,-0.42699421333634985,0.4265836384183265,-0.4267889258773382
19,2,20272131,cf5ee162eb657331ed8d10432b6bcce64e7ee5dfbd5467100b908be8823fa406,dao1holr85ps73feltg0,-0.008738823939822733,-0.11809683783257069,0.05467900694637398
19,2,20272132,a2cc70db7af824d829cdb53f980fa3129afbf835dbc8e144059aaf1838215a8f,dao1holr85ps73feltg0,-0.5953156481649398,0.5443783113337786,-0.5698469797493592
19,2,20272133,52c6ffa12344344ce8aaa01a56a69f9cd27415b0bad23d75e6b28f6a4deebb4a,dao1holr85ps73feltg0,-0.3497945935979936,0.36448995303096804,-0.3571422733144808
19,2,20272134,64c2430392698214b541a04ef8a816165f94ac9a5b2a9e35b34d0774d241289c,dao1holr85ps73feltg0,-0.01822839403424046,-0.006184579688017517,-0.006021907173111471
19,2,20272135,74874cebb21c0a83d5a41e1dbbb00ce81131db0ea1ad089da764039ceac29ccb,dao1holr85ps73feltg0,-0.004213549542691087,0.009375371096884905,-0.006794460319787996
19,2,20272136,cab9598abb478941558f041de53e7e94dc40c1b89bafce4fe5f57f443dd3071d,dao1holr85ps73feltg0,0.09233596754413684,-0.25815722719328515,0.175246597368711
19,2,20272137,087b85910096e769f085024efcd75df1196922297b55faefb34ba5a72520801b,dao1holr85ps73feltg0,-0.33418712901612796,0.5132379368019274,-0.42371253290902766
19,2,20272138,1707ccb7a7280f52e083d0594a1a26735f96b8d65fc8e12301829c6d377d9a0b,dao1holr85ps73feltg0,-0.029786666704552853,-0.037261600598385666,0.0037374669469164064
19,2,20272139,9e8419cd35064c2fb8e17645893e95dfe878f0dde9b128891dd9a2fbea7bc5ff,dao1holr85ps73feltg0,0.3998483957077905,-0.14998843418278618,0.27491841494528835
19,2,20272140,5653f3854c5b12a10b8edb69c36c28580a0c1228a3d3e29c24148356a77fbb81,dao1holr85ps73feltg0,-0.019524397711575693,-0.01959366477835891,3.463353339160785e-05
19,2,20272141,b46fca678a9abdbd3ad5b9ca8615e23f697fd3061d99f2e303a7146fec5c748b,dao1holr85ps73feltg0,0.04817287435572791,-0.18029427693790198,0.11423357564681494
19,2,20272142,62c2cebb02081577ea629804037952ba2895eba0e1f0fd6b4e399649986ccc1f,dao1holr85ps73feltg0,0.2098212838339762,-0.2330712058436223,0.22144624483879924
19,2,20272143,d5a91892a38401d6707ac3a14bcd34a5e7710369e228611068115abd8867b2e1,dao1holr85ps73feltg0,-0.010019654645238515,0.0030382407857624636,-0.006528947715500489
19,2,20272144,eb79a91bdc9124fa9d73e40056a827c74aa10fa58d9d0208ea8d796d036b0a9a,dao1holr85ps73feltg0,-0.44885325391057146,0.44505716692203273,-0.4469552104163021
19,2,20272145,c4e6e7097c57128879b703bb1897d91f84d2b9375f271c56104a9e90004501ac,dao1holr85ps73feltg0,-0.006741196986035359,0.00161411601170647,-0.004177656498870914
19,2,20272146,8d1532b4cf2ae5c3757b668aa12d86129552d6e74e0d82573bda432b3cd87b28,dao1holr85ps73feltg0,0.02526827491231993,0.16736781747665347,-0.07104977128216677
19,2,20272147,a39dd6b62e4521bb01e06ec3d6ad91fbc0e397b713533d32760a0f8787a927a3,dao1holr85ps73feltg0,0.0872328065942885,-0.10297550500319501,0.09510415579874176
19,2,20272148,af0d43918577d4ce29b252c5d1f61ee30d517dc2539cd42b1e40dfbb28daab68,dao1holr85ps73feltg0,-0.5373659443509405,0.04495190851539525,-0.2911589264331679
19,2,20272149,9cfc0e2aa7f906646d2eaa1ef7d532950bf630c50a485b5fa0c6eac8e6cdb4f9,dao1holr85ps73feltg0,-0.1520871606865984,0.1698239516257863,-0.16095555615619234
19,2,20272150,02753372c69a69ecf5fbb7ee9e0727e22c16a714f2fb7d54fe5b54cce440477c,dao1holr85ps73feltg0,0.06894185262163524,-0.1894448199013372,0.1291933362614862
19,2,20272151,45a398e2edc022a6934211f335746193480def578fed1564f0da941c097005dd,dao1holr85ps73feltg0,0.05788824803375467,0.15217620557713718,-0.047143978771691256
19,2,20272152,d015ca1f91f9d7bbf486ca431eaefbe1b95deb1e27b6e3bb7a82026a8306688d,dao1holr85ps73feltg0,0.32378393202805933,-0.41507124144946395,0.36942758673876164
19,2,20272153,44408437ffffb35e5f8a06300a20fe458d533edde547163a8b7364cf1bf0ce15,dao1holr85ps73feltg0,-0.06757457307360094,0.037227870716519444,-0.05240122189506019
19,2,20272154,cbf623f76f85df4346a456f7915da43ad5c832d17448c8f74cb8d1689194ed4c,dao1holr85ps73feltg0,0.1618132985883676,-0.07885264488521296,0.12033297173679028
19,2,20272155,6773bb579c2edfef09b18853342e755c1a32163d0bbb7f9ae626add95acd9a54,dao1holr85ps73feltg0,0.6165760066000363,-0.6070563789186998,0.611816192759368
19,2,20272156,8174b3010ba852de20e7ab2622fffd01c6085bfcece887f2fb58d13c7b78aa16,dao1holr85ps73feltg0,0.166634538391173,-0.04950204876593755,0.10806829357855528
19,2,20272157,bfe70b9ee332043531c03fd1b07d828e9194534f6050f32348408da56a7f5bce,dao1holr85ps73feltg0,-0.49728207572738264,-0.16242158482963245,-0.16743024544887508
19,2,20272158,2e84f9d05151b408323274cae2f9d8f14162f7a0d8c54ec294a6bd118ea90542,dao1holr85ps73feltg0,0.15555513782302072,-0.30740366688611465,0.23147940235456768
19,2,20272159,770f71ddb275960d5d0f96757798869c2e5811db92ef2ae7a7c080fa9c53e03d,dao1holr85ps73feltg0,0.15545439815565965,-0.15396556879271425,0.15470998347418696
19,2,20272160,6afe64a0f2780b7f2ef1993a477c73454d920017741d67cc28fd6609ee4a96a2,dao1holr85ps73feltg0,-0.2638445162936026,0.047272483475274,-0.15555849988443832
19,2,20272161,cefdbf9a36cad76db96e284161aec02ca1ced1047d94aefce1bedd3ea697b45a,dao1holr85ps73feltg0,0.3498905674075756,-0.3355309701917142,0.3427107687996449
19,2,20272162,bdc7d3658516cd6c995ac3ddebf84cf25e256b408bf6b664116d1c1d4e7386e2,dao1holr85ps73feltg0,-0.0164384950706241,0.06677331939375075,-0.04160590723218743
19,2,20272163,b227aba7fc1a14efe2e24fa8c74b10e496f1573e75add44d7a8fabd060c1d969,dao1holr85ps73feltg0,-0.048502385634729216,0.08707970639526978,-0.0677910460149995
19,2,20272164,cc9626f663c427a47f26256d4b0ceef7eb13c97db06f4efee4fe7de5a1901be8,dao1holr85ps73feltg0,-0.13775069861233008,-0.38085447294574115,0.12155188716670554
19,2,20272165,2f5bcdb5c49663f99d01af3f4abab15e2763712ef2815660be305edd9bc31889,dao1holr85ps73feltg0,-0.23506602688635297,0.21870928029771086,-0.22688765359203192
19,2,20272166,cb3ee263aaa22216f5ae708d24b93793466d0b67fef0a1c437addbd92a775c95,dao1holr85ps73feltg0,0.07367400391243083,-0.07184118877427054,0.07275759634335069
19,2,20272167,c65179efff750a5dd848514eecfb53227931f95e6935dbe9a44f688dcc6ea38e,dao1holr85ps73feltg0,0.021334918677417908,-0.033016089962634415,0.02717550432002616
19,2,20272168,4ecf112bb380ad7b7fb593006a1a091a669e62d7f44b250ba0120cbf0161cef8,dao1holr85ps73feltg0,0.24726561579060594,0.0736306675478042,0.08681747412140087
19,2,20272169,f7f3c519b01ebedb23f0bf524b0c8fe2e19e3d79e9cf4aba24281b4efbb98846,dao1holr85ps73feltg0,-0.01010415121583692,0.058086988454038084,-0.0340955698349375
19,2,20272170,b6e01e07496aba8d1e808717b9b2b45bf484c4b35b9f785490f59376b81d0653,dao1holr85ps73feltg0,0.3440806481623996,0.23048195640315522,0.05679934587962218
19,2,20272171,3c2e2c911bf24a78591146dc6bcd386dbac0b77e01af1e7787feecf519c87dc0,dao1holr85ps73feltg0,0.4403679184632333,0.24568813783962395,0.09733989031180468
19,2,20272172,d6ed0b19f8f1c42c278d15203a844c0bcf99348511ce44d1518fd85734442c4c,dao1holr85ps73feltg0,0.0008026186480171158,0.0019600442549374715,-0.0005787128034601778
19,2,20272173,cc98e2eeffa87a47053bde74ff56c5e2358e1ad3c32dcbde847857ac8a0ace32,dao1holr85ps73feltg0,-0.09915459738737277,-0.3482595201934897,0.12455246140305848
19,2,20272174,113f0c1470dff57f9eb4630472638adb35fb63cf788b7fb6b8e1bc01fb848496,dao1holr85ps73feltg0,0.7326726966090336,-0.7474907521636766,0.7400817243863551
19,2,20272175,162de8291aac678c62d5112bb4e8062835b6dee9c901621693a70112e3ce666a,dao1holr85ps73feltg0,-0.7832675958865543,0.7828368761890839,-0.7830522360378191
19,2,20272176,17dcd2549ed4c838a7a82fb0a1766568fd3cedbbedc6e160fd0c385baf5a092f,dao1holr85ps73feltg0,-0.3897973049167278,0.38992127587681563,-0.3898592903967717
19,2,20272177,57f4aa348a398320f9e1cf2f22efbf4366a72f66cb4ae356d8e47953ba4a7b0c,dao1holr85ps73feltg0,-0.0037188820627050067,-0.0029063096509250705,-0.0004062862058899681
19,2,20272178,ef665e6f147fcccad5c800fa644cf6792bb622f562da19695090c9d8201b471c,dao1holr85ps73feltg0,0.6384292379756049,-0.5184239410534837,0.5784265895145443
19,2,20272179,0ff05a712771386fa6ac1cdf0c2f8f0c0774d9d7137ff391bde9d33cad6ad1e1,dao1holr85ps73feltg0,0.8196496843138276,-0.819169851057439,0.8194097676856333
19,2,20272180,39c2e2a2752ca69c93546e81ce18ba31d04ffd1a55c00146ed31d98bb03628b1,dao1holr85ps73feltg0,-0.11050214062571284,0.1112700107322912,-0.11088607567900202
19,2,20272181,e300349c9cfa95a947425a9b9a2d18152c33ea74adef9b882dfa7f1a66fb7373,dao1holr85ps73feltg0,0.5985599832360742,0.5534613829383151,0.022549300148879514
19,2,20272182,710b4448ca34adb37552e743bc43c48ee5128f182242e123ebbe659cc938bb1e,dao1holr85ps73feltg0,0.7467893500752601,-0.75063324484885,0.7487112974620551
19,2,20272183,bca72aa7e8924203db838332260ab257c6028330058d5c9485479db12db4ab9a,dao1holr85ps73feltg0,-0.033836278952778014,-0.033168039401524664,-0.0003341197756266748
19,2,20272184,b56093a245be44dad585288163f2cf97706e392006c650d87d6c7bb5861145e3,dao1holr85ps73feltg0,0.4294662065345142,-0.4348904303392679,0.43217831843689103
19,2,20272185,c2c756d9908d3ff0bc3fc94b15d5122418647aa29400d6e31365492fd927a87e,dao1holr85ps73feltg0,0.01628273397412655,-0.013051979288062274,0.014667356631094412
19,2,20272186,918aa075418cf97ac14fb95270136b81a6a7d498f987b10fd722fed15c99aec2,dao1holr85ps73feltg0,-0.49742615998720346,0.4285628558659558,-0.46299450792657965
19,2,20272187,a296f6b432e86ca17742264c9860c23b1fbdde06b92fae46083d5bd5ae1ed5c6,dao1holr85ps73feltg0,-0.0682928805386606,0.0662093228294888,-0.0672511016840747
19,2,20272188,457007f58f311fe3413e108ef175ec296bfeaec019a534293fbe9cd8a8c943e8,dao1holr85ps73feltg0,-0.014429563737394844,-0.0045656731560713044,-0.00493194529066177
19,2,20272189,284129c6326191a0549e6f2f69fb205dbb959e324ab3e9813e66bbbb9d3212b4,dao1holr85ps73feltg0,-0.18855682256659811,0.12538311925446016,-0.15696997091052914
19,2,20272190,7f0ca5eed40ec8e09e959f67d4db6a115fb900c913f73be18fc8abc4c209e33f,dao1holr85ps73feltg0,0.3716118151820282,0.3534333893340035,0.009089212924012352
19,2,20272191,c8bfcc8bc2e11d5edea6df71afec15f7eb3f1ff93338e13e6e8f33d58a974b76,dao1holr85ps73feltg0,-0.4588122748199677,0.393793581567389,-0.4263029281936783
19,2,20272192,f811b58317c466bb0dfecd6e6f31fe555d66d1cb138fcd2868e73ed07c57cf3b,dao1holr85ps73feltg0,-0.11525961394978998,-0.03192162310210974,-0.041668995423840116
19,2,20272193,4d54231a44467beee47f2f71894fe176952b0a77d5f56fe58e584123eb51af20,dao1holr85ps73feltg0,0.013636902884520054,-0.009904033160543753,0.011770468022531903
19,2,20272194,fdd3d668d4e688b29c491c7b3b0d2d9a5d13510f32331509a053ac3f5e75075a,dao1holr85ps73feltg0,0.05849498278377543,0.10093001973155385,-0.021217518473889214
19,2,20272195,a66ea27de59ef4913a337c4649d0a45cec621e8c2d9c130a7dc0650c5d30f6a8,dao1holr85ps73feltg0,0.17122335487434887,-0.22170554414584645,0.19646444951009767
19,2,20272196,20d6de31f4394da2b548c03e01b7ffcb2e92b7131e922f046743922a5e6e8300,dao1holr85ps73feltg0,-0.004271582788721366,0.015227297072521032,-0.009749439930621199
19,2,20272197,3d63695f40738eda5da75899f07aff851ade9dd6cfc2cb7a7218a2b61ca88bd2,dao1holr85ps73feltg0,-0.10687201397937751,0.1357921946505553,-0.12133210431496641
19,2,20272198,33c5e5a4791b178881b762e1932407219b53f42a3bba9f04bdabb88c84edb9f5,dao1holr85ps73feltg0,0.008075255677776814,-0.007881544521172578,0.007978400099474696
19,2,20272199,34c3eb8392c0a5010fcff10399cf292f4cc7caa9bed06b10c2cbce9d7009c18c,dao1holr85ps73feltg0,0.052247111972442944,0.18597845244146885,-0.06686567023451295
19,2,20272200,e4b69b0a299defee294849a4dfd1526691c2fff111ddd76d96174315bb6ea5ba,dao1holr85ps73feltg0,-0.14367811921411727,-0.09851766095982437,-0.022580229127146453
19,4,20282001,f5212620f92880ca30e9d4f2300541860220d0f8ccd4d09a57aa65fc4d8bca3f,dao1holr85ps73feltg0,0.20898701456973207,-0.15647489752044655,0.18273095604508932
19,4,20282002,e350e4c17a7fb9babdbacd976b07cd54b4d9a4952b8811b9a8ac420171bd557c,dao1holr85ps73feltg0,0.18367228431646396,-0.20469645428802336,0.19418436930224364
19,4,20282003,d19f57e9ee9dcbadf7975e3006352db045cfb693b5392529b1f91f4155e324ee,dao1holr85ps73feltg0,-0.006027912750448354,0.09901093206902861,-0.05251942240973848
19,4,20282004,18241eea735029d8fdc4e202e6c144fc155b9ae617ffeb1045e6ce72d074bb50,dao1holr85ps73feltg0,0.058428717283124175,0.05331815735054608,0.002555279966289046
19,4,20282005,25fd9948e53bd92cc44db4adfde44d79727d581856eb607956dc7db05fbd1c87,dao1holr85ps73feltg0,0.21575750087562917,-0.15568626986100764,0.1857218853683184
19,4,20282006,956aef5d5e2be6e3653eccae70fc8c625dde81d6089453014f7587dcffb778ed,dao1holr85ps73feltg0,0.30071770564846045,0.02418269989728971,0.13826750287558537
19,4,20282007,0f9ae1dc795f7b8fc4c7ba8743dcac7747d7901a65c5b80687264b7b853f9e0f,dao1holr85ps73feltg0,-0.004977696978887055,-0.04667747759035508,0.02084989030573401
19,4,20282008,0ecf8069bba11097254d0877186c791df1c5432c74c4969dc43b0dd1d4559633,dao1holr85ps73feltg0,-0.3910355359761929,-0.42667548910259756,0.017819976563202333
19,4,20282009,17981e96d34b0717d71c6f2490dd5b0baba38510f37f2b402c81e5f8c2cd72fa,dao1holr85ps73feltg0,-0.18077033954155997,0.02176639455726692,-0.10126836704941344
19,4,20282010,b0ae0fd0b35837c7e20f5cbbaa5bf610cd86afc52db070528123695965463ad8,dao1holr85ps73feltg0,0.12142810478843175,-0.1395673566385665,0.13049773071349913
19,4,20282011,2f2330752070b39f7f66bcc6d0f270f7fa06292a6cea60f8d3c6476f6fa16df4,dao1holr85ps73feltg0,0.2895583441539289,0.17093026651133092,0.05931403882129899
19,4,20282012,4ab831eccd3aa0992bd4cba836d2179e513266a94f09c8269f134d5c2990d50a,dao1holr85ps73feltg0,0.05560823430438128,-0.06360713536892648,0.05960768483665388
19,4,20282013,74f45f050ae02fad93b6bcf4cd675f7829c08d61329db35a7890326d16c50966,dao1holr85ps73feltg0,0.17049384769213513,0.24698510746324062,-0.038245629885552745
19,4,20282014,679bfae9708eac14c245fd01dde4d3324e9e63a5856a0f097c6fa98f08d051f2,dao1holr85ps73feltg0,0.0033191318568769213,0.006682560760536258,-0.0016817144518296682
19,4,20282015,3753b866da975c03fb654ec7bb31ac743744546871ae125264b82a2f72e64978,dao1holr85ps73feltg0,0.024654500648568195,0.05475255765486714,-0.015049028503149472
19,4,20282016,8c9174c2a5da80b825bd19c8e4ec70be7b26972fe9a112e3eb640c31d02ef373,dao1holr85ps73feltg0,-0.06297260926307321,0.08202012118735809,-0.07249636522521566
19,4,20282017,c7a1ae10cbabddcff1412a17646862283150279363732644f968b6429f96dee4,dao1holr85ps73feltg0,0.13055628020614019,-0.13354612514067088,0.13205120267340553
19,4,20282018,7ded2f15a53b7e951e297730504b25ee9ce0c052bf4b6eee0a6ebdd690922ed1,dao1holr85ps73feltg0,0.04084656830129756,-0.042074843887493496,0.04146070609439553
19,4,20282019,ea8852e000aa29032c76fbb0766477b8554944cf01eab6f1dd2931697f64efcc,dao1holr85ps73feltg0,-0.3093475731220505,0.23111886092553124,-0.2702332170237909
19,4,20282020,a8b76252a7be6f4319bd090a28864aca19cf004a91625ff201176abaeaa75070,dao1holr85ps73feltg0,-0.13984406113505474,0.36282804029992793,-0.2513360507174913
19,4,20282021,1285aa099ac88c250e77d7a862983bc37da28f4d19bf6bb867ee6a3cd51b54fc,dao1holr85ps73feltg0,0.013149943431002183,1.2803405947714713e-05,0.006568570012527234
19,4,20282022,331275106841611670cddb51a8e495f70b2eee474b731b3ab725bedf57749faf,dao1holr85ps73feltg0,-0.06809465383911364,0.08359776336225394,-0.07584620860068379
19,4,20282023,eb935c7f74911f78221be6aee9d0866f75917286c0cdc45201d90c33afdacaf8,dao1holr85ps73feltg0,-0.037876918094313095,-0.06231303655053674,0.012218059228111824
19,4,20282024,b776467b7b68f024027686e683149ebacc18a7f02a1a5a1a8ddc470c34ef0d92,dao1holr85ps73feltg0,-0.21178085468567961,0.20994289855720713,-0.21086187662144337
19,4,20282025,9481d5b4172c518bbeb749ed4e0b7403550137c2032377b6ec85255581f26e59,dao1holr85ps73feltg0,0.017835436916414312,0.03235206848294965,-0.007258315783267669
19,4,20282026,013e25636faa727d6eb5674e8cbb02703e0939a5231584e65230b3e7477b79d1,dao1holr85ps73feltg0,-0.05017342913589749,-0.04965484739242342,-0.00025929087173703555
19,4,20282027,4df6c34dbbe0f45286ed65db13be517dabe43b44f37c59921e587b5b01d121ab,dao1holr85ps73feltg0,0.09167236985073163,-0.11552145976314193,0.10359691480693678
19,4,20282028,dd6e6d9bfa4a70160a911a08c12748fe460b1d734cf48de91ea62d63d03aeffb,dao1holr85ps73feltg0,0.03840012000275764,0.04238214589526486,-0.0019910129462536105
19,4,20282029,25793c0767501d4ac0b5def00afd03ede0065f39c913e5ad5a8bcace51f32dca,dao1holr85ps73feltg0,-0.16209962838111944,-0.07956668283469209,-0.04126647277321367
19,4,20282030,98ec19651e9b6e77fc97d36e82d21a9461bba234e703a9f4420fff51d0b41354,dao1holr85ps73feltg0,-0.1791271282256613,0.17412298344997879,-0.17662505583782004
19,4,20282031,d1b96aeb382c985aad2e61b2620a22609e226ad1df2b53b39c6c2b166d20045d,dao1holr85ps73feltg0,-0.03475673772296832,0.1526712104488577,-0.093713974085913
19,4,20282032,7a15942cf7212654c104c814c945820a7f52ef00e89747d3ab09189be91bb589,dao1holr85ps73feltg0,-0.056085495525760934,0.03833894326252315,-0.04721221939414204
19,4,20282033,25737febaf2c4e2bc7f856728a2398325f762b231848b11e7af9cb0c524d0ef0,dao1holr85ps73feltg0,-0.037369855045387736,-0.05391719091531111,0.008273667934961686
19,4,20282034,a3ab48b711b16b3e6fafa1593663465c1d5065eaa1c01b6d28a7cb58b873e24a,dao1holr85ps73feltg0,0.06325238661505164,-0.10571282377002703,0.08448260519253933
19,4,20282035,a5a931e4ae38c6f52a0297218165ada0113d89cb080e99ad0a746afabe65fddb,dao1holr85ps73feltg0,-0.059755760565539294,-0.0023448304510297335,-0.02870546505725478
19,4,20282036,85239848ee98788d9882587e4c4adbb5712d80d1e3e9f48ce7146102b82f8132,dao1holr85ps73feltg0,0.10063391925724424,-0.0003889548197538416,0.050511437038499044
19,4,20282037,86bd819600eaeae9536f2165617a69aac87fc0913e0f42532115d194a26c2135,dao1holr85ps73feltg0,0.03315934534915615,-0.04863105760567512,0.040895201477415634
19,4,20282038,d3ff153b133a1251239e4464db3f239d828660b2038ba6d1bafd17be98736629,dao1holr85ps73feltg0,0.05916824026793286,0.021622242661624207,0.018772998803154327
19,4,20282039,68bd7121648d3c2e2d7af79616df6308dad66f784cac56c3e75d579ec43232b5,dao1holr85ps73feltg0,0.002076908498120121,-0.004916870972092377,0.003496889735106249
19,4,20282040,cdc65bf1e6b91dcd1ad68f8265e4df48b043e9829747cc121bd11099086f6caf,dao1holr85ps73feltg0,0.05423799643784487,0.030288930286573312,0.011974533075635778
19,4,20282041,9eb37bf227438ec1c7221bc06ec3f0342b8f51059e709892b82793af2935ba92,dao1holr85ps73feltg0,-0.022627206257052425,0.06280502416205311,-0.04271611520955276
19,4,20282042,f97ebec6ee31e4e34596f4d29bb8f8a054ec768bc41efe5dfc8923e558ee2e1e,dao1holr85ps73feltg0,0.09464244657477174,0.01907080280490455,0.037785821884933596
19,4,20282043,ef471b8ff5c9a780fe3f412f876b2429b58b78eafbaa0057f5b6c0bba5635dce,dao1holr85ps73feltg0,0.05423624443690409,-0.23519475167119433,0.1447154980540492
19,4,20282044,cf96847b23113003f6cf33a1fa0bb64f5b2342540a776a56a0faf4b33a107d8e,dao1holr85ps73feltg0,0.043653348480091364,-0.04818208176714084,0.0459177151236161
19,4,20282045,972470caa802b76558881c9bd67f3399e8dbdf452300c5280eb039d4fc74812f,dao1holr85ps73feltg0,0.0009053420880470973,0.0232752404326751,-0.011184949172314001
19,4,20282046,f307bdc37cec6162883f0cfbc0db51665968ae434588726244551454b0115bfc,dao1holr85ps73feltg0,-0.014293197589704754,0.14535283558423467,-0.07982301658696972
19,4,20282047,c2b4bd30df68bb519a0cc817445045a214d97d3a70575de0fcb7df2e8172372a,dao1holr85ps73feltg0,0.0913592702272837,-0.02938558507469998,0.060372427650991836
19,4,20282048,aebd71a582dd583eb38a8310cd64057cc7bfdf5df42e7b9dd6caab8b59ad463c,dao1holr85ps73feltg0,0.04476268444239712,0.06210710773929986,-0.008672211648451368
19,4,20282049,bd3d4d6036a9b16fb83cd996f4dad3919cd7956c5a647b6a98da52d1ffdf11a7,dao1holr85ps73feltg0,-0.14347514959186264,0.12971857238049334,-0.136596860986178
19,4,20282050,965abd117d569ad6104a589ceb3eef35e2e54cbf3737a5ff6cf8c9b900dc8abc,dao1holr85ps73feltg0,0.009373746930117489,-0.01405311114651334,0.011713429038315414
19,4,20282051,eaee0574622576db91a00401ff7332d629454a44f14db523ba1448b600165283,dao1holr85ps73feltg0,-0.09235600818918675,-0.1837417899872007,0.04569289089900697
19,4,20282052,bce39958cea494f6a4e63d0607b2775c64963be3ba861480c995030d46713102,dao1holr85ps73feltg0,0.005538911742303583,0.012318914285962742,-0.0033900012718295794
19,4,20282053,6fb43f33dbaf0a7458a5945f1103ee91d2ad26aa08c4b828befb8835ea489af1,dao1holr85ps73feltg0,-0.14370437996728197,0.23181963981231624,-0.1877620098897991
19,4,20282054,cca2e805d86eae639653218863b8499878ff12396eaf7f5100bbf3e6a3c2659e,dao1holr85ps73feltg0,0.014856587297832662,0.009680272063928658,0.0025881576169520023
19,4,20282055,bd3a1fc18692f238e9ba83d59b5e0850bcb967371a31eed241d7d5d1f511fe7e,dao1holr85ps73feltg0,-0.022694038251566274,-0.004482998897355733,-0.00910551967710527
19,4,20282056,a8de3c589e71cc6c16bc417a2f927737f515b3fd7fb4bed3a4f1564195939e2b,dao1holr85ps73feltg0,-0.00032777199389147534,-0.06220877400953996,0.030940501007824243
19,4,20282057,a1e930610357cf40fda416ea2746e77fc28ceb0f1c522dfd86326ec2d8188f76,dao1holr85ps73feltg0,0.006863863687399415,0.004534939386544059,0.001164462150427678
19,4,20282058,87b16bde4525a3393620f0f4b6a374003ba68c17dfa0328a4bfd53d52c9f7940,dao1holr85ps73feltg0,-0.07873450587420454,-0.006958423501017427,-0.035888041186593556
19,4,20282059,97468a96918e5c3be328c5d6cfa78a68358bcfdb758887bffdb7e491186cfecd,dao1holr85ps73feltg0,-0.004583684785130597,0.19821091318920384,-0.10139729898716722
19,4,20282060,3a6f0110c177f2e2d692f93df9ce09961adaa8beb73eb3e67dba9251a3515aff,dao1holr85ps73feltg0,-0.06497119559352685,0.06431568650552462,-0.06464344104952574
19,4,20282061,17e24887470022075f64acb68673c66a4da88d84326bae68ec17fbc5a4276f1a,dao1holr85ps73feltg0,-0.03973431364116592,-0.07739774237368473,0.018831714366259404
19,4,20282062,df7d490769b2cd1b42424694db44bbe01b16bc3cda93fe4364ad8996419947df,dao1holr85ps73feltg0,-0.04556843918863166,0.1631522744341902,-0.10436035681141093
19,4,20282063,0b3b98cf7fe15a71501d3b4a7aff0e1c3beff6febdbfe07f1d306a32817ba843,dao1holr85ps73feltg0,0.010965259798714721,-0.08796809998015775,0.04946667988943624
19,4,20282064,bc2278217c9848dd5e578a47142c22d6d7bafe6579faddddc190ed18bec0fff2,dao1holr85ps73feltg0,-0.006419492508918923,0.01780144901853651,-0.012110470763727716
19,4,20282065,8f9c13af57ad241c4df824a56f3b10b9f3398666d09452fe4a2a64d5e2e49f48,dao1holr85ps73feltg0,0.07518808818867838,-0.0706651518529266,0.0729266200208025
19,4,20282066,8c804f5fc9b86434896e3e0ce103c839b170d3af09cc827470ae5f623685bd60,dao1holr85ps73feltg0,-0.00980917265553735,0.0011784234552383132,-0.005493798055387832
19,4,20282067,832c6d3760d41afbee0f4926ec65490d75f32be58b1e55b103e13c4e5bc7ffca,dao1holr85ps73feltg0,-0.040376761319354866,0.053096022851545244,-0.04673639208545005
19,4,20282068,3ed0292ae5b66ac3fe5682cf87cbbb7229e7ce6532a252e79f8db557990a1db7,dao1holr85ps73feltg0,0.06756144577025261,0.018705881305696184,0.024427782232278213
19,4,20282069,6c4d23bb304db7c9412755c49353b72459fdf6d60775d2bf841c9bc52a8e6456,dao1holr85ps73feltg0,-0.03813691115549714,-0.021326053219317187,-0.008405428968089976
19,4,20282070,1ff3f8fb3bb56f7a0ed7c910ac7da3e183c173d4c0d905e56a544ea46c28eb6b,dao1holr85ps73feltg0,-0.051384505639890825,-0.05825186664237126,0.0034336805012402175
19,4,20282071,75594744472d22de37566db91d7872c26bcd4a7c9aac0ff164c324032877e4b9,dao1holr85ps73feltg0,0.03350539789046356,0.0786005461744923,-0.02254757414201437
19,4,20282072,1b562be43b299f61502ce1dddd7d0cb41644b707a63606391b70684e2be54532,dao1holr85ps73feltg0,-0.22700384903729337,0.043444353644406616,-0.13522410134085
19,4,20282073,898f729544c894c3217f40f26883b22d84cdb88f8b8d77037830296b15fc8146,dao1holr85ps73feltg0,0.09308115497820567,-0.1205089090683801,0.10679503202329288
19,4,20282074,9cfac0b4587fe1d9c03c2bdb40279575f3cec1fb2a1b6f5f3de1a4b749ccec35,dao1holr85ps73feltg0,0.0005056878768221181,0.0038239028959390743,-0.0016591075095584783
19,4,20282075,6d60c56d9a0b5f7374f9ed9fe96187f04130519d876cc44fcc3256d26592c767,dao1holr85ps73feltg0,0.08427261069603262,0.0339811654954005,0.02514572260031606
19,4,20282076,a01af19f21506586c8c7b66dc362bb9e9bbb437aa4edf26b7f8195d3e5f6062e,dao1holr85ps73feltg0,0.022689625330709565,0.024461057528913782,-0.0008857160991021084
19,4,20282077,651f3fcb04d6a35137e0ed779a1206caaf1948f3b9705ffe92d9041b4072149d,dao1holr85ps73feltg0,0.11008773388938452,-0.23681098575057588,0.1734493598199802
19,4,20282078,498f8eae54c4b1bb9aa317ec7c343db8ded5038bcfe33798970fc3f1bf4d4242,dao1holr85ps73feltg0,0.03506753144949015,-0.03105938725455825,0.033063459352024205
19,4,20282079,1c065cdb720211f7f86a9d01dc82ac8edf68cbeef65cc81c9fbfdb7e7bb638a4,dao1holr85ps73feltg0,-0.05013215414466915,0.04740446270657811,-0.04876830842562363
19,4,20282080,77c432cf8971fa4b5713716642d8873d74792bd550bd151a744738832981ed77,dao1holr85ps73feltg0,0.05751379124229248,0.050046995350482994,0.003733397945904743
19,4,20282081,53a0f512a49195068a0d2068d1b9c58fcfb5f95e460053dc1c9fe0170899b16f,dao1holr85ps73feltg0,0.007790888572194383,-0.029718991460131926,0.018754940016163155
19,4,20282082,79eb0804a70884f0d25bc6203d057361da8c8307d7e5339fe1c0d14e25c8fb09,dao1holr85ps73feltg0,0.18308609945628282,-0.17130742800204435,0.1771967637291636
19,4,20282083,baf87b894f12f4bc16247c2b1b8dcdec655d1ca5148f83413d29196cd14fbd91,dao1holr85ps73feltg0,0.00465239366067031,-0.03734967355158928,0.021001033606129794
19,4,20282084,7af1cba93ed12247f75e21d382fb34643b2ec71be1546a79ea25466e594ea84a,dao1holr85ps73feltg0,-0.07000822471899548,0.11201930627749883,-0.09101376549824716
19,4,20282085,ae5ebae70b32e50560f4be1a3d57f2c3e9544f236ad99957c370a1c9ddd0448e,dao1holr85ps73feltg0,0.34207691907516724,0.32017149494590474,0.010952712064631248
19,4,20282086,845a03856bb4a6e9d60e2f4ef67fd7c8e436367f68e2d0452fa36c30d7fffce8,dao1holr85ps73feltg0,-0.1952876735825391,0.22063220039198245,-0.20795993698726079
19,4,20282087,a5fd129867d533ba0217d377ddcb773ddfcac550e7884e652b83c170d37632ab,dao1holr85ps73feltg0,-0.2398932848185027,0.2896937598577153,-0.264793522338109
19,4,20282088,b3d5cd1a778331275403cde543f0ded7b2b85c119ac1e05728fc7cc11ee303c5,dao1holr85ps73feltg0,-0.002551461028915722,-0.0015150771981084768,-0.0005181919154036226
19,4,20282089,6cf1b72bdcc4a32733f5dd3c1d95ef006d9aa8267ffe21a0187ce4e2789390db,dao1holr85ps73feltg0,-0.013084037473571552,-0.01187472206547048,-0.0006046577040505355
19,4,20282090,148e761ca3c3b9a2b9f857b014c41ff9b80ecfc40b01322b1bdc4df7b278005a,dao1holr85ps73feltg0,0.01045785186391204,-0.0019181295552036619,0.006187990709557851
19,4,20282091,9a246eb7a73fa88aa31d4620f22cb9cdb94b78620f3fdffd3a45da37bf55e160,dao1holr85ps73feltg0,-0.009527085880487961,0.0027054353632337087,-0.0061162606218608355
19,4,20282092,feba6043b58754f5e41bf33061a287ccc1bb6c2c50fa6048b614afbfb9036f9f,dao1holr85ps73feltg0,-0.004929449772688974,-0.03504486740948266,0.015057708818396845
19,4,20282093,fff29b5f9769f32e23d88318536bc4344b1b9faabd368a6cb74d92b15990b76d,dao1holr85ps73feltg0,-0.017538600868587384,0.052445176550213767,-0.03499188870940058
19,4,20282094,49466b9efa59796720aca45972c984dfb80ca01f54c8ee4a02a8f28144d6e5e3,dao1holr85ps73feltg0,-0.1242025467298949,-0.02507224397015028,-0.049565151379872316
19,4,20282095,8eaba907a264f7c7029dd7c2e53be4c0ee6d3b03c1918af6ff5adba7a1e4d537,dao1holr85ps73feltg0,-0.005959690095135205,-0.028947155163693047,0.011493732534278921
19,4,20282096,654f6f0932d4a50e5a47e1c7d33552691ab3d3df92ff2570943e9c6f614ac900,dao1holr85ps73feltg0,0.38780421055936154,-0.3986628980141732,0.3932335542867674
19,4,20282097,d111e861f99ec79a4c347b0df08117e6bb8dd0e7acd55011cc88e779a0909b4d,dao1holr85ps73feltg0,0.07571395386464978,-0.02462931407239636,0.050171633968523074
19,4,20282098,a4811b22da78172b79f4a1f7ab0c495527573eb05b8000e32988d87ff7f07fb4,dao1holr85ps73feltg0,0.027064746966504506,-0.06501191907729278,0.04603833302189864
19,4,20282099,c3ad05f81bb221623de082b7a95b884ecfe6ce1d0c02e9f49ffe8ecaa0853c0e,dao1holr85ps73feltg0,0.008684742256504072,-0.019316091507152824,0.014000416881828449
19,4,20282100,41d4ec0de40fa166d895458dcf328f3ec09177aff8e577bd346d9141ee688910,dao1holr85ps73feltg0,-0.014351840417977166,-0.023232303193230837,0.004440231387626835
19,4,20282101,a968e8e6816cbf8a6c9215bc506cc19fa9f2fdc7d55fc7b4167912b9f58a61bd,dao1holr85ps73feltg0,0.03331468061675967,-0.07165641758192101,0.05248554909934034
19,4,20282102,6245b452824d9a03c9e80e57c978fbc9a7c0b07a44944279057033aecadf0002,dao1holr85ps73feltg0,0.17069914854280177,-0.09907857038750953,0.13488885946515566
19,4,20282103,f5d41110fe3040fbe79e26966a17c7ffe9fda92adbad53662de3db873807efd9,dao1holr85ps73feltg0,0.06897848663154334,0.08248222355461014,-0.006751868461533403
19,4,20282104,e1719da77cc7a87ee64fb68787df4855469e7502528e02ca60f84ae5bca4255f,dao1holr85ps73feltg0,-0.0686388670187991,0.06372393337999566,-0.06618140019939737
19,4,20282105,27dc1c92ae8d8e76fd06f83360e18b1b9b0b36b163ddc90362b8099febe4f5a5,dao1holr85ps73feltg0,0.024816308549918023,-0.2380289066082627,0.13142260757909036
19,4,20282106,bfc1dcff41c6a452122aaf417799d1a55c63600d4ab3123b80a14f49d4f05f4e,dao1holr85ps73feltg0,-0.24267236362917488,-0.24754214569647415,0.0024348910336496332
19,4,20282107,36e811ddc81373835cef4c2c74c0ba77faeec84593089a9b420a6fb0e504c4d0,dao1holr85ps73feltg0,-0.12409623110965584,-0.0637313968141795,-0.030182417147738172
19,4,20282108,cf5953efa06b5fc14baa083e244ac3e97730d85d6d50ef3cd1a1aca4a05d0365,dao1holr85ps73feltg0,-0.01672555246837776,0.016198992067117536,-0.01646227226774765
19,4,20282109,72c01c53e93962a551a868de7c61af27497129705a83e5f754989c955f8ce69c,dao1holr85ps73feltg0,-0.04137988329175736,-0.002876699702247413,-0.019251591794754976
19,4,20282110,1001bc177319ab25e66b03784ac27e5c86f1bf350285b152ef049fa914981760,dao1holr85ps73feltg0,-0.02462769597034261,-0.0002748393001618929,-0.012176428335090358
19,4,20282111,5d83d52068112e98d38d66e7661190161b9c29759bc007a75e52107b49d0d218,dao1holr85ps73feltg0,-0.0914542592921772,-0.09407366800929333,0.001309704358558067
19,4,20282112,94135348204c0657e72f912fa042b1d10742510daec6afd627fdf0b1ed4b2059,dao1holr85ps73feltg0,-0.13557170287389256,-0.12354675581097756,-0.0060124735314575
19,4,20282113,bd765076b1c420aee9f1a284bcc25efeacb77245f2dce79a405158ea7cb73c7e,dao1holr85ps73feltg0,0.03222451070626263,-0.0004591810586382257,0.016341845882450426
19,4,20282114,319dc97fa2e22dd3266d9fa68053e0842074b3f663fc0b77fa506ef89aae1e24,dao1holr85ps73feltg0,-0.2557593094817637,0.05713750086074096,-0.1564484051712523
19,4,20282115,933eb2966b483582300b89e25ae06b4e1d0fadd53b5ecd5b7c50029c7bc7b1af,dao1holr85ps73feltg0,-0.0229116601943502,0.030662754916840392,-0.026787207555595296
19,4,20282116,c4c47e28f522e7d8f0873e6be08ca3746b9f5e5c70f9883e3942e0f96c26949e,dao1holr85ps73feltg0,-0.06215321102212683,-0.01760813039762353,-0.02227254031225165
19,4,20282117,b0b703d6810fd3c7bf2ad3569076469c373f0c2711445370725e6bb49113d9e8,dao1holr85ps73feltg0,-0.003090922421564328,-0.13177193536639498,0.06434050647241532
19,4,20282118,f6fc377242cceb8cdd9b591178981b2a6f86b68e8df5be82b14d8f2f6514a981,dao1holr85ps73feltg0,0.12122561803779294,-0.02540263715063469,0.07331412759421382
19,4,20282119,7525d9e2e7fa2d10b2ed00301448ae26773bdeb452fbbb6891c90da9fcc15e17,dao1holr85ps73feltg0,-0.07820871703585386,-0.07742988488677138,-0.00038941607454123783
19,4,20282120,417ac0e2380a5fc07fa6ec1be9279f2e4905da22b8cc3b7c91fcbbd37422e691,dao1holr85ps73feltg0,-0.061654179933966664,0.03116426192542039,-0.046409220929693525
19,4,20282121,c69254291f6ae43eac99ebdf16e854fe18bc7ce524f2821c890cac32e902dd23,dao1holr85ps73feltg0,0.20294678468468452,0.17303023215520363,0.014958276264740444
19,4,20282122,415de43b691f1a457260761106821439d94d43ac0d1ec14e95a2c742dd3d853b,dao1holr85ps73feltg0,-0.03302288873562381,0.02652487036667494,-0.029773879551149376
19,4,20282123,5e2dd4392d27add41d9bc5edfe79d14017d5017b04bbccada429029c80c6db04,dao1holr85ps73feltg0,-0.022603019811914475,-0.004478557336992385,-0.009062231237461044
19,4,20282124,d6ee0bbce5efa9ef0e30bae33101e3262dc038964f1919b8bd6de7fdc979fe09,dao1holr85ps73feltg0,0.18705125756799265,0.1543022661109942,0.016374495728499222
19,4,20282125,9d43a4e6c00cfd2885bd8659742ad2ec4e2cd725d063c81e2a1514d2ec55d8a5,dao1holr85ps73feltg0,-0.17466331645437405,-0.15567042735885145,-0.009496444547761301
19,4,20282126,0fbd5ad55bff78f444d454f885cba772b5ab96952952b456e134f47c6a510508,dao1holr85ps73feltg0,0.08136146687064126,-0.03299802446389541,0.057179745667268335
19,4,20282127,ef402e80529d8580c3576f793e2922a19b62033e919c208065726f26b4a96544,dao1holr85ps73feltg0,0.0784649349363612,-0.1104931020663628,0.094479018501362
19,4,20282128,75bbdafbc7c8844a33f68ce39057ad690c124232b124810f31243c0af55e0a08,dao1holr85ps73feltg0,0.08612171233978941,-0.05236432089354117,0.06924301661666529
19,4,20282129,8ba607d9eab49459fc8d6bb1ed458f740d9a216bcecfd9e6fd62a17e236d5366,dao1holr85ps73feltg0,0.04455610372531897,-0.12244981135496563,0.08350295754014231
19,4,20282130,1195eef9fe85f5af3dbe98d47d7cc638a45206c75d30d10e3b951e397f15d188,dao1holr85ps73feltg0,0.0803053555986171,0.04456329775740338,0.01787102892060686
19,4,20282131,59c1b2a7ea7002efd1ba4da577ca534c01c6ffcee117c9c0040a3195ed9523ce,dao1holr85ps73feltg0,-0.25168054484322866,-0.17001593546929503,-0.04083230468696682
19,4,20282132,47306b563c92fc40f8626c08b6f1e9f648edff68fe1c9607002d4e2fb850f5a1,dao1holr85ps73feltg0,0.016492924274256717,-0.02355420714986961,0.020023565712063165
19,4,20282133,0170dbc8373793d8543b2543d3f8fe8a659dfb2a4dde45b27f913057c862ddf9,dao1holr85ps73feltg0,0.0241779429831987,-0.025932439685524736,0.025055191334361716
19,4,20282134,50b96b357c31e10811cee46215c1d092ad533981fbc4ab5126734ffdb72690ba,dao1holr85ps73feltg0,-0.00018630553155204142,-0.011006179439067168,0.005409936953757563
19,4,20282135,a559e1dae3ccad94adc2d4664e8a83f37a68055a41e6418eac6d5a6e11d01a4c,dao1holr85ps73feltg0,0.07540734357460237,0.018741814932817916,0.028332764320892226
19,4,20282136,7cc94283cb0bb4588bd4e11054e0f0d4e1e78d07e0abe88cd2813b82953f6f83,dao1holr85ps73feltg0,0.00034943045809585646,0.00320162153501319,-0.0014260955384586668
19,4,20282137,007b7648cffadfe9cf4100431a70b91b8e2b4f5c8522669e7af11f729c2347c6,dao1holr85ps73feltg0,0.05045445292292796,-0.039795707769365876,0.045125080346146915
19,4,20282138,4fea98551739ca21f3bb64915a2328e8e46a73ef306e410813c12c164cc82468,dao1holr85ps73feltg0,0.016424951665929558,-0.10087941352000326,0.05865218259296641
19,4,20282139,e015341330c1811a65d4203d030f52ef384b490cf82fa93564fe8606d4685c09,dao1holr85ps73feltg0,0.0559306642759131,-0.061825446645820945,0.058878055460867024
19,4,20282140,63ecdd19828d3d72fa3ea07b5f1983150393c5c818506bb5a4c2a2dfa16eeb92,dao1holr85ps73feltg0,-0.011202650000522675,0.05220308675078658,-0.03170286837565463
19,4,20282141,01f9edd99ebbeee0bd6017fbabfac8fc6177de896acb22b0829e8b4046838b9d,dao1holr85ps73feltg0,0.019335523531599855,-0.00469469655769148,0.012015110044645668
19,4,20282142,048a26253967541c625a2c6a85c2720538210658c687109e4befba59f334a16c,dao1holr85ps73feltg0,0.10776949822808662,-0.1391635445343926,0.12346652138123962
19,4,20282143,e7756fb8c44862274664e08bfe0891b3a022aab6afc475d72ddb6ce4a243f9d2,dao1holr85ps73feltg0,0.3630640978537969,-0.12187741227651412,0.2424707550651555
19,4,20282144,5a56ef2df23c249aedb48328c321098f43377bfe5d4693c3e73ed3d6e527a6ec,dao1holr85ps73feltg0,-0.006186223536733932,-0.007576481568123537,0.0006951290156948027
19,4,20282145,2ccbe1f45d1b006a1cb6278cf1822ca934afc4affd5b3750c88518bb2de3159a,dao1holr85ps73feltg0,0.2866508567584801,-0.17978225735051695,0.23321655705449854
19,4,20282146,0ad8cbdb82e3bfd23de8380e7f526481b545dfe7735d55d3dec79db26ee2c511,dao1holr85ps73feltg0,-0.01352434856369363,0.006355018908248644,-0.009939683735971138
19,4,20282147,112ec2575710526e675fc3affba95404dfb2f22a584116efc6ac4e4be9860b5e,dao1holr85ps73feltg0,0.05379960747245866,-0.09297470618375124,0.07338715682810495
19,4,20282148,c645bd0b9f74b5e6c2a9a04ae03e7bf1336665b2debe5bc3b0e96ae9df2e5687,dao1holr85ps73feltg0,-0.057251606460987266,0.050226265220007206,-0.053738935840497236
19,4,20282149,0bd120d6059e323b18e3989bbfa908c3ba5dd7e0efbad1d2427896390c1428fb,dao1holr85ps73feltg0,0.01833672437482569,-0.016239100858173615,0.017287912616499652
19,4,20282150,6b3161a446d59f37e52c23e5be068c2aad1e80d355b851eb5fdb2b0e8f94c2de,dao1holr85ps73feltg0,0.11740731893596384,-0.01734980904524766,0.06737856399060575
19,4,20282151,007aeae9c54ec143053da03476ed1664ee7f677cf33a3eaf28d52cc4843be061,dao1holr85ps73feltg0,-0.003384971328098194,0.04016154125561683,-0.02177325629185751
19,4,20282152,81d178e539ef5bcd2b82e19561f84cab8cd8deb7bbe68ea1192f208616aa6014,dao1holr85ps73feltg0,-0.017809201455228876,-0.020806925398416016,0.0014988619715935701
19,4,20282153,2ac128c0d5b5b55f4753fd85b7af1502698515794fa5abf311927aa8f25b7453,dao1holr85ps73feltg0,-0.006174747824419505,-0.0029761212978627596,-0.0015993132632783728
19,4,20282154,ca76d494079ad30b7c1c580ce8ba6f996ab96576b786e57437bb6b79a5ad5ff1,dao1holr85ps73feltg0,0.010701602636245013,-0.005765352642695787,0.0082334776394704
19,4,20282155,1069bac31f034a3b461c3b73ddd3f21b1c024187b400626ea162cae0f27d8713,dao1holr85ps73feltg0,-0.04829636486118452,0.016020178789211362,-0.03215827182519794
19,4,20282156,1640267e48de77c61394df42d9b4bd005a7b8d4a1931f71686ae3d8028a2d151,dao1holr85ps73feltg0,0.07258135070911723,-0.002656939527461188,0.037619145118289204
19,4,20282157,29aa8c6fbcca35a1d89aae72ae4a46079a975e157a96ef5375a434494d7719e8,dao1holr85ps73feltg0,0.004501977865371069,0.003618792296500654,0.00044159278443520753
19,4,20282158,d7e6cd50306cd1b2cfea4f9336410cbfe21e61d9869742087511c9f30baa7795,dao1holr85ps73feltg0,-0.03925667642808411,-0.037649001674223435,-0.0008038373769303359
19,4,20282159,b7d167f189732385e018cc64154e5403e93e9c3ade75a56c7137d5085607d10a,dao1holr85ps73feltg0,0.06206617371851615,-0.07600446140111153,0.06903531755981385
19,4,20282160,d7982ead2a2342a0b639b16498acd5338620ad20d0693a49c952877afb215432,dao1holr85ps73feltg0,-0.16258781439198042,0.17165108324541525,-0.16711944881869784
19,4,20282161,dc045e3ee3452edb6375206704359714006adb46fd178f1c0a054735b2b90a83,dao1holr85ps73feltg0,0.1030348691305054,-0.0443494904249405,0.07369217977772295
19,4,20282162,2cdbb62e7ed01fb985d950578f64d37c924d6389857430b648a5f03303483497,dao1holr85ps73feltg0,0.12514100423515345,0.05021902200601657,0.03746099111456844
19,4,20282163,ced6971db0116f48235a529b5e5f25da28979b4d058b16496f4f23abe5cae628,dao1holr85ps73feltg0,0.00947750693759129,0.004186852094034606,0.0026453274217783417
19,4,20282164,d196212a41c8020028cae94a1932a2185beb8523d0d634fde581028b12b81e68,dao1holr85ps73feltg0,0.03371558050170006,0.02154224782893759,0.006086666336381235
19,4,20282165,3f00aea69f6cc839be0b4af6fa4c507fd48b3f772494e5ebdb9e8e5fcb4f67c1,dao1holr85ps73feltg0,-0.0004307688847659586,0.0042033865292424475,-0.0023170777070042033
19,4,20282166,386f0659ccfce01d4147ad1699fc33a4da43cecfae3e74c14aada7183d1911d2,dao1holr85ps73feltg0,-0.0033533580823772607,-0.0013665780166086385,-0.000993390032884311
19,4,20282167,18483c6e734e4d85bdd8ccdab3d754cd2d58e6b43a581d2e6b5c07578aefc93a,dao1holr85ps73feltg0,-0.02066578213063659,-0.0802515639999234,0.029792890934643407
19,4,20282168,d743004279cc1a19f3d8afd8582a5b4947636f5cb7634e15cfcf937baa3e1cc5,dao1holr85ps73feltg0,-0.04741171093916028,-0.011409927367004333,-0.01800089178607797
19,4,20282169,eeb5ea103cbae9cc6ebd4c4a929b9a0e3bec3925c0ea39dc381f075d3029b595,dao1holr85ps73feltg0,0.020714048088596317,0.01655788013472551,0.0020780839769354038
19,4,20282170,8f6605e932cbb8f5f428bd19120c56498b1fd81afc0c7ef079336cdcc615ab2b,dao1holr85ps73feltg0,-0.06583070377205116,-0.11347391854154877,0.023821607384748804
19,4,20282171,edbc8c54c64d03004be2c642055bc8c2f195a4f9196881cbbf745efdf27e985b,dao1holr85ps73feltg0,-0.20299543254111954,0.21183525856945568,-0.20741534555528762
19,4,20282172,175463cf2f1402c3cfb634f42d4d9b1c4ea950fd6e529dc09cf5e8984c18e846,dao1holr85ps73feltg0,0.13283597932949132,0.05219352933983823,0.04032122499482654
19,4,20282173,5340bdb51449d7061e2ae63d8fcdeddf70e3403ab056d1c104782807a2f8d382,dao1holr85ps73feltg0,-0.29129195559312293,-0.04856835275291776,-0.12136180142010258
19,4,20282174,ba5ef87323f68d062e98ee4a4ea3fb07ed1700f9058859a2c884ce7f8fbc5586,dao1holr85ps73feltg0,0.013151137548562442,0.0034537496353542353,0.0048486939566041035
19,4,20282175,78bc0c4bbcc0d4fcfcc71204b381a097e31347c2cde9ed3e9ab02ed88b920dc3,dao1holr85ps73feltg0,0.056377794926839295,-0.05608409081987009,0.05623094287335469
19,4,20282176,b3ec35c4582da88ba9f95fa4b3613bb8ab65abb2981b788dbaab004b1283a82a,dao1holr85ps73feltg0,0.07065156649021766,-0.048688104091325235,0.059669835290771446
19,4,20282177,6c62790f82d7cbe66848a4a82a3b26030b0949257668b79ab58e745fc2a11493,dao1holr85ps73feltg0,0.036815536135154064,-0.10684705030637076,0.07183129322076241
19,4,20282178,7081c52b7f0ae2a9aaf794b56d5e94232d70ac3509a3555f26c5613815c715cf,dao1holr85ps73feltg0,0.04961806936766673,-0.008389237279858713,0.029003653323762722
19,4,20282179,3ac661c09dc5d8703809aec0458885317725dd8f09d2b54d9a5b0377d4ae0b0b,dao1holr85ps73feltg0,-0.16138036828634927,0.2061712062922879,-0.1837757872893186
19,4,20282180,874852f4f54de21291ca324db33893ead37df5df1b0aabe40f9b43b3521c0c58,dao1holr85ps73feltg0,0.1264922554820021,0.007326136496526784,0.05958305949273766
19,4,20282181,c21e4e634095c2744c49ac11a59b6a5d929dda3234ce9cab1b31d09630d881a5,dao1holr85ps73feltg0,-0.05204463674573223,-0.09799614066432345,0.02297575195929561
19,4,20282182,8b9958ca72789dda5b1616f6bdf4deb8ebe3e3ccb690038ce6e4b13667e077ba,dao1holr85ps73feltg0,-0.051153138380480245,0.038497861681312036,-0.04482550003089614
19,4,20282183,7f82417e2345362af8137eca0dc3bf56ac99b5d23edd4fee618dad774b359545,dao1holr85ps73feltg0,0.043210820937804664,-0.02737609354129421,0.035293457239549436
19,4,20282184,470ca19cfe66078ac35018b29a9c36a904fbaba1a375635f0a47bfc9e6daeca8,dao1holr85ps73feltg0,-0.08432538785638789,0.013851485200959667,-0.04908843652867378
19,4,20282185,f351f00dde89fa44bc81b1c4e80d35eb4946b1163573f5e7246e6b8905d010a2,dao1holr85ps73feltg0,-0.007873818228142981,-0.007736354420724739,-6.873190370912125e-05
19,4,20282186,dd44bb532088effd223cd7d6311eec3d8f02a79983380d4d8e5699b548a76162,dao1holr85ps73feltg0,-0.04883238703979248,0.004070041011059254,-0.026451214025425867
19,4,20282187,b80a92e7755acbe7d0351d9e474ec2621f90622137f4029e33514f1611dba81e,dao1holr85ps73feltg0,-0.020692248840909068,-0.0731023287212134,0.026205039940152167
19,4,20282188,afe62eb2d881e8fd693b6ed7ffe3c24d920aab09b2556893839e07eed08b1a6c,dao1holr85ps73feltg0,0.28223698817240017,-0.051725902233551,0.1669814452029756
19,4,20282189,b57119f8d7897205a4a73a56dfabdf3755dc0def73526471925718b4360772fd,dao1holr85ps73feltg0,-0.05030759735840438,0.029094481756342338,-0.039701039557373356
19,4,20282190,d453cc89f33dd1243097584ecd8ffc5a334d98a14535ff37fe7725cf638d0592,dao1holr85ps73feltg0,0.018024260519708537,-0.02513325344129062,0.02157875698049958
19,4,20282191,3764908fe3ca51defa2e70b5df0e95348f7ea408753898a7a0d7ab6d33467c89,dao1holr85ps73feltg0,0.044177373404726425,0.004797117089313775,0.019690128157706325
19,4,20282192,5064f3408433a88843d5e78f2dfe63373596364212f6f0477d4366adb6b828a3,dao1holr85ps73feltg0,0.043634867878312195,-0.024243240467170222,0.033939054172741207
19,4,20282193,37bd08a9299701bdf5e557beadce39d87c3d1276ca1fe76ad12c110473daa9ee,dao1holr85ps73feltg0,-0.14425122461581613,0.13195201360601413,-0.13810161911091512
19,4,20282194,5a5029b795d619a9a943eb1f9fab2ec3ee1f0e2fbc5bede0f02800b78e0186f1,dao1holr85ps73feltg0,0.06259441851765349,-0.1842695610188281,0.1234319897682408
19,4,20282195,e89b0e68a8e719c5785dd828bc5d0d93048123174d92c8dc56588b609ff3e403,dao1holr85ps73feltg0,-0.05197740130136877,0.03863876119013992,-0.04530808124575435
19,4,20282196,e1f8fc27f420d1121152f358a07f30773c89195169dcb2378201286f1618b819,dao1holr85ps73feltg0,0.04477294550404487,0.025834581853071935,0.009469181825486468
19,4,20282197,e32fb9026c2a88a51baafc28562cc152fdbc054ae1330b56171eb1be14ca500e,dao1holr85ps73feltg0,0.05169082483271126,-0.21751442303489552,0.1346026239338034
19,4,20282198,23b24f50119a4656d29ef4146e8773dbb9b9c0040328b7575ec91615a1aa2ff4,dao1holr85ps73feltg0,0.10265057518605686,-0.08543908496719575,0.09404483007662631
19,4,20282199,0d1fdba4d666a17910b28f894a1299860f8d51e52778a11dd6ac7da8d3a2bd25,dao1holr85ps73feltg0,0.10244887381905998,-0.10273896194550541,0.1025939178822827
19,4,20282200,fc5329dd3d68cfd1c6e353a3f1711caa51f43ed935f2ae4309b349bfcac613ea,dao1holr85ps73feltg0,-0.14976848568772128,-0.0005729219264563315,-0.07459778188063247
