Qubit,T1 (us),T2 (us),Readout assignment error,Init error,Prob meas0 prep1,Prob meas1 prep0,Readout length (ns),ID error,Single-qubit gate length (ns),RX error,Z-axis rotation (rz) error,√x (sx) error,Pauli-X error,XSLOW error,CZ error,Gate length (ns),MEASURE error,MEASURE_2 error,Operational
0,180.37965014388598,57.21795360171738,0.0068359375,3.734875415384275e-05,0.011474609375,0.002197265625,1940,0.00038493783420362395,40,0.00038493783420362395,0,0.00038493783420362395,0.00038493783420362395,0.00038493783420362395,1:0.0017676205521371113;10:0.002049937858359524,1:68;10:68,0.0068359375,0.006103515625,Yes
1,167.96380041365416,140.05106929572574,0.007568359375,1e-05,0.0087890625,0.00634765625,1940,0.00020728400544224948,40,0.00020728400544224948,0,0.00020728400544224948,0.00020728400544224948,0.00020728400544224948,2:0.0015325006004753006;11:0.003574140787266644;0:0.0017676205521371113,2:68;11:68;0:68,0.007568359375,0.0029296875,Yes
2,42.17152985803851,23.90088239192399,0.0247802734375,0.0001443497332407429,0.043701171875,0.005859375,1940,0.000709266270395613,40,0.000709266270395613,0,0.000709266270395613,0.000709266270395613,0.000709266270395613,1:0.0015325006004753006;3:0.0026632843000825024;12:0.001811700645187625,1:68;3:68;12:68,0.0247802734375,0.02685546875,Yes
3,137.7629409328459,90.82207136303987,0.006591796875,1.567258087215673e-05,0.012451171875,0.000732421875,1940,0.00021207411926769072,40,0.00021207411926769072,0,0.00021207411926769072,0.00021207411926769072,0.00021207411926769072,13:0.0022725391402342865;2:0.0026632843000825024;4:0.0015938038491140338,13:108;2:68;4:68,0.006591796875,0.005859375,Yes
4,229.7712224522415,84.42792376763268,0.0108642578125,2.192195972514347e-05,0.0185546875,0.003173828125,1940,0.0002052804586341912,40,0.0002052804586341912,0,0.0002052804586341912,0.0002052804586341912,0.0002052804586341912,3:0.0015938038491140338;5:0.0017089901925848583;14:0.0018103397261287624,3:68;5:68;14:68,0.0108642578125,0.008056640625,Yes
5,162.96252089122748,118.20408850926633,0.0064697265625,4.0560340892519357e-05,0.01025390625,0.00048828125,1940,0.00021251433987554857,40,0.00021251433987554857,0,0.00021251433987554857,0.00021251433987554857,0.00021251433987554857,6:0.0022276404286951934;4:0.0017089901925848583;15:0.002580244911249613,6:68;4:68;15:84,0.0064697265625,0.00634765625,Yes
6,187.6331193138896,90.21138764870396,0.009033203125,0.00022472362197136712,0.017333984375,0.000732421875,1940,0.00018985611357253725,40,0.00018985611357253725,0,0.00018985611357253725,0.00018985611357253725,0.00018985611357253725,5:0.0022276404286951934;7:0.010165351545927181;16:0.002345910546740382,5:68;7:68;16:68,0.009033203125,0.005615234375,Yes
7,16.43500833619714,21.5607430562573,0.021240234375,5.0052079821473387e-05,0.038818359375,0.003662109375,1940,0.001162124956556362,40,0.001162124956556362,0,0.001162124956556362,0.001162124956556362,0.001162124956556362,17:1;6:0.010165351545927181;8:0.014238928638970971,17:84;6:68;8:84,0.021240234375,0.01318359375,Yes
8,250.7537615535018,187.98792893949698,0.0081787109375,0.001818431773115066,0.013916015625,0.00244140625,1940,0.00011258497234309006,40,0.00011258497234309006,0,0.00011258497234309006,0.00011258497234309006,0.00011258497234309006,9:0.0013307182824768837;18:0.004091134681753955;7:0.014238928638970971,9:68;18:84;7:84,0.0081787109375,0.004150390625,Yes
9,131.15202841227347,152.155332717116,0.00390625,2.0091023803046734e-05,0.00634765625,0.00146484375,1940,0.00016761275583383002,40,0.00016761275583383002,0,0.00016761275583383002,0.00016761275583383002,0.00016761275583383002,8:0.0013307182824768837;19:0.001391258849498922,8:68;19:68,0.00390625,0.00244140625,Yes
10,116.32904490758256,120.90125580213098,0.0096435546875,1e-05,0.013916015625,0.00537109375,1940,0.0002828850907478435,40,0.0002828850907478435,0,0.0002828850907478435,0.0002828850907478435,0.0002828850907478435,20:0.003954957229181044;11:0.00301839123744721;0:0.002049937858359524,20:68;11:68;0:68,0.0096435546875,0.006591796875,Yes
11,41.722199467518244,23.35109109372888,0.017578125,8.53506479605399e-05,0.03076171875,0.00439453125,1940,0.0005513131933733081,40,0.0005513131933733081,0,0.0005513131933733081,0.0005513131933733081,0.0005513131933733081,1:0.003574140787266644;10:0.00301839123744721;12:0.0034371288104064757;21:0.0021887689517899045,1:68;10:68;12:68;21:68,0.017578125,0.0126953125,Yes
12,84.33209521891867,63.96194005789838,0.0064697265625,1e-05,0.012939453125,0.0,1940,0.00040577246952055334,40,0.00040577246952055334,0,0.00040577246952055334,0.00040577246952055334,0.00040577246952055334,13:0.001741848599205953;22:0.0015497469354203708;2:0.001811700645187625;11:0.0034371288104064757,13:68;22:68;2:68;11:68,0.0064697265625,0.00537109375,Yes
13,182.1588369851789,87.8835178778728,0.016845703125,3.297707347555678e-05,0.026611328125,0.007080078125,1940,0.0002350113439480559,40,0.0002350113439480559,0,0.0002350113439480559,0.0002350113439480559,0.0002350113439480559,3:0.0022725391402342865;12:0.001741848599205953;14:0.0019260719526524306;23:0.0017466970914903623,3:108;12:68;14:68;23:68,0.016845703125,0.011474609375,Yes
14,147.9394783180078,78.3540079474918,0.007080078125,4.229404180831997e-05,0.013671875,0.00048828125,1940,0.00023788427012217753,40,0.00023788427012217753,0,0.00023788427012217753,0.00023788427012217753,0.00023788427012217753,15:0.002287281845621436;24:0.007398326459325061;13:0.0019260719526524306;4:0.0018103397261287624,15:68;24:68;13:68;4:68,0.007080078125,0.005859375,Yes
15,138.27706619653998,82.14528513474536,0.0159912109375,2.3014205568282303e-05,0.02734375,0.004638671875,1940,0.0005714913316518174,40,0.0005714913316518174,0,0.0005714913316518174,0.0005714913316518174,0.0005714913316518174,14:0.002287281845621436;16:0.007618273780539836;25:0.001652980103090368;5:0.002580244911249613,14:68;16:68;25:68;5:84,0.0159912109375,0.01318359375,Yes
16,155.52263923164884,137.5883708268865,0.0062255859375,4.997376385538112e-05,0.008056640625,0.00439453125,1940,0.00018370689150816244,40,0.00018370689150816244,0,0.00018370689150816244,0.00018370689150816244,0.00018370689150816244,15:0.007618273780539836;17:1;26:0.010046293237424841;6:0.002345910546740382,15:68;17:84;26:68;6:68,0.0062255859375,0.0029296875,Yes
17,,,0.5137939453125,,0.54638671875,0.481201171875,1940,1.0,40,1.0,0,1.0,1.0,1.0,7:1;16:1;18:1;27:1,7:84;16:84;18:84;27:84,0.5137939453125,0.482421875,Yes
18,80.71273846706171,73.82904962790383,0.009521484375,0.00010031148197094289,0.01806640625,0.0009765625,1940,0.0005846955092492246,40,0.0005846955092492246,0,0.0005846955092492246,0.0005846955092492246,0.0005846955092492246,8:0.004091134681753955;19:0.0030412339053642323;28:0.0027325529715322427;17:1,8:84;19:68;28:68;17:84,0.009521484375,0.005126953125,Yes
19,209.26334963133692,120.73015096170623,0.0113525390625,1.3531123310955115e-05,0.020751953125,0.001953125,1940,0.00018759022106722395,40,0.00018759022106722395,0,0.00018759022106722395,0.00018759022106722395,0.00018759022106722395,18:0.0030412339053642323;9:0.001391258849498922;29:0.0015323432402034876,18:68;9:68;29:68,0.0113525390625,0.0087890625,Yes
20,205.37376875834318,112.49611812210534,0.0078125,0.00011537645340034269,0.01025390625,0.00537109375,1940,0.00014055830453967561,40,0.00014055830453967561,0,0.00014055830453967561,0.00014055830453967561,0.00014055830453967561,10:0.003954957229181044;21:0.002683844416853265;30:0.0018411729467640303,10:68;21:68;30:68,0.0078125,0.008056640625,Yes
21,164.84849368539372,168.86360374474626,0.002685546875,2.018893324129529e-05,0.003173828125,0.002197265625,1940,0.0002457520482685176,40,0.0002457520482685176,0,0.0002457520482685176,0.0002457520482685176,0.0002457520482685176,20:0.002683844416853265;22:0.0008066066907291558;31:0.001287185133676344;11:0.0021887689517899045,20:68;22:68;31:68;11:68,0.002685546875,0.002685546875,Yes
22,263.04788605421317,121.3568088322157,0.0079345703125,2.2126642754724185e-05,0.01953125,0.004638671875,1940,0.000361814223774218,40,0.000361814223774218,0,0.000361814223774218,0.000361814223774218,0.000361814223774218,23:0.0034986647241974367;12:0.0015497469354203708;32:0.0011199085126986918;21:0.0008066066907291558,23:68;12:68;32:68;21:68,0.0079345703125,0.006103515625,Yes
23,71.3078564284999,83.14678053601935,0.0098876953125,1.0304308668260432e-05,0.0126953125,0.007080078125,1940,0.00029829243463910023,40,0.00029829243463910023,0,0.00029829243463910023,0.00029829243463910023,0.00029829243463910023,22:0.0034986647241974367;13:0.0017466970914903623;24:0.004318935700412363;33:0.0016734876008991928,22:68;13:68;24:68;33:68,0.0098876953125,0.008056640625,Yes
24,93.30518399918755,91.446200317274,0.0806884765625,,0.126220703125,0.03515625,1940,0.003136842158411724,40,0.003136842158411724,0,0.003136842158411724,0.003136842158411724,0.003136842158411724,14:0.007398326459325061;23:0.004318935700412363;25:0.007264143131962525;34:0.004764533009462002,14:68;23:68;25:68;34:68,0.0806884765625,0.10205078125,Yes
25,157.9893626739223,121.3109805651588,0.0045166015625,7.043961685632456e-05,0.0087890625,0.000244140625,1940,0.00019966111242740637,40,0.00019966111242740637,0,0.00019966111242740637,0.00019966111242740637,0.00019966111242740637,15:0.001652980103090368;24:0.007264143131962525;26:0.0010589868143879577;35:0.0011882429528941585,15:68;24:68;26:68;35:68,0.0045166015625,0.00439453125,Yes
26,149.89705036896746,116.42192056212104,0.0093994140625,5.418773124347768e-05,0.012939453125,0.005859375,1940,0.00016671873397633715,40,0.00016671873397633715,0,0.00016671873397633715,0.00016671873397633715,0.00016671873397633715,16:0.010046293237424841;25:0.0010589868143879577;27:0.007958778646925513;36:0.001894682342675813,16:68;25:68;27:68;36:68,0.0093994140625,0.007080078125,Yes
27,101.88930668581357,108.5084160714418,0.014892578125,2.0614834512666858e-05,0.027099609375,0.002685546875,1940,0.0007565337984697676,40,0.0007565337984697676,0,0.0007565337984697676,0.0007565337984697676,0.0007565337984697676,26:0.007958778646925513;28:0.008624920925745405;17:1;37:0.00721448419674911,26:68;28:68;17:84;37:68,0.014892578125,0.008544921875,Yes
28,125.98789396171787,123.25458733708852,0.0125732421875,3.09381348448887e-05,0.023193359375,0.001953125,1940,0.0001827743179343867,40,0.0001827743179343867,0,0.0001827743179343867,0.0001827743179343867,0.0001827743179343867,18:0.0027325529715322427;27:0.008624920925745405;29:0.0014559280487645432;38:0.001374237268760431,18:68;27:68;29:68;38:68,0.0125732421875,0.01416015625,Yes
29,60.966828246808035,90.9294441811237,0.0089111328125,1.0066821636787629e-05,0.016845703125,0.0009765625,1940,0.0010465102361732679,40,0.0010465102361732679,0,0.0010465102361732679,0.0010465102361732679,0.0010465102361732679,19:0.0015323432402034876;28:0.0014559280487645432;39:0.001548142378885231,19:68;28:68;39:68,0.0089111328125,0.005126953125,Yes
30,173.21998079910773,230.65661101112804,0.003662109375,1e-05,0.005859375,0.00146484375,1940,0.00015178150636089115,40,0.00015178150636089115,0,0.00015178150636089115,0.00015178150636089115,0.00015178150636089115,20:0.0018411729467640303;31:0.0020981429128640317;40:0.002159873372843235,20:68;31:68;40:68,0.003662109375,0.004150390625,Yes
31,206.54244261133582,108.52184543903657,0.0093994140625,1e-05,0.015380859375,0.00341796875,1940,0.0002169316519310687,40,0.0002169316519310687,0,0.0002169316519310687,0.0002169316519310687,0.0002169316519310687,30:0.0020981429128640317;32:0.015758235116513475;21:0.001287185133676344;41:0.00244838753476731,30:68;32:208;21:68;41:68,0.0093994140625,0.0087890625,Yes
32,148.87647371857855,142.19393024723195,0.0045166015625,3.0112448450221184e-05,0.006591796875,0.00244140625,1940,0.0005266596494619034,40,0.0005266596494619034,0,0.0005266596494619034,0.0005266596494619034,0.0005266596494619034,22:0.0011199085126986918;31:0.015758235116513475;33:0.0013161613555236207;42:0.0015625689058069714,22:68;31:208;33:68;42:68,0.0045166015625,0.00927734375,Yes
33,246.72719758490868,93.93994562292602,0.0081787109375,5.988516563483393e-05,0.011962890625,0.00439453125,1940,0.00025647273868559175,40,0.00025647273868559175,0,0.00025647273868559175,0.00025647273868559175,0.00025647273868559175,23:0.0016734876008991928;32:0.0013161613555236207;34:0.0013933019727470075;43:0.0011592478938256823,23:68;32:68;34:68;43:68,0.0081787109375,0.0087890625,Yes
34,126.07420714213796,122.15097492046804,0.0069580078125,1.0121651483319338e-05,0.012939453125,0.0009765625,1940,0.00020888895882066293,40,0.00020888895882066293,0,0.00020888895882066293,0.00020888895882066293,0.00020888895882066293,24:0.004764533009462002;33:0.0013933019727470075;35:0.0012595104857575368;44:0.0016894720281194486,24:68;33:68;35:68;44:68,0.0069580078125,0.00634765625,Yes
35,247.07960982712683,149.42927800610332,0.0086669921875,5.3626683339819596e-05,0.01513671875,0.002197265625,1940,0.0001834930737047443,40,0.0001834930737047443,0,0.0001834930737047443,0.0001834930737047443,0.0001834930737047443,25:0.0011882429528941585;36:0.002075956836076809;45:0.0012636960285605514;34:0.0012595104857575368,25:68;36:68;45:68;34:68,0.0086669921875,0.010009765625,Yes
36,169.03649743921505,172.27979089079085,0.005859375,1e-05,0.010986328125,0.000732421875,1940,0.00017856819633196294,40,0.00017856819633196294,0,0.00017856819633196294,0.00017856819633196294,0.00017856819633196294,46:0.002716230521228463;26:0.001894682342675813;35:0.002075956836076809;37:0.002689190712600542,46:68;26:68;35:68;37:68,0.005859375,0.00537109375,Yes
37,25.111799307317575,39.650860121223154,0.020263671875,1e-05,0.035400390625,0.005126953125,1940,0.000583079645889418,40,0.000583079645889418,0,0.000583079645889418,0.000583079645889418,0.000583079645889418,27:0.00721448419674911;36:0.002689190712600542;38:0.002556551960432335;47:0.003429112002608453,27:68;36:68;38:68;47:68,0.020263671875,0.015380859375,Yes
38,233.17217842811638,223.82433559214542,0.003662109375,2.0680620704359474e-05,0.0068359375,0.00048828125,1940,0.00016951228476110857,40,0.00016951228476110857,0,0.00016951228476110857,0.00016951228476110857,0.00016951228476110857,39:0.001439628752221922;48:0.0009854001677886137;28:0.001374237268760431;37:0.002556551960432335,39:68;48:68;28:68;37:68,0.003662109375,0.001953125,Yes
39,159.26136498472383,140.2405502452377,0.01025390625,1.0487773217038377e-05,0.0185546875,0.00390625,1940,0.00024599824304158587,40,0.00024599824304158587,0,0.00024599824304158587,0.00024599824304158587,0.00024599824304158587,38:0.001439628752221922;29:0.001548142378885231;49:0.006046154116398167,38:68;29:68;49:68,0.01025390625,0.01953125,Yes
40,93.08714866524117,119.18764078240206,0.010986328125,8.764536911676904e-05,0.017578125,0.00439453125,1940,0.0002136555087643274,40,0.0002136555087643274,0,0.0002136555087643274,0.0002136555087643274,0.0002136555087643274,41:0.0026912648326768984;50:0.0019471951728776415;30:0.002159873372843235,41:68;50:68;30:68,0.010986328125,0.00830078125,Yes
41,31.520191608640964,54.04622127748269,0.020263671875,3.03478546235655e-05,0.028564453125,0.011962890625,1940,0.000527269459838158,40,0.000527269459838158,0,0.000527269459838158,0.000527269459838158,0.000527269459838158,40:0.0026912648326768984;42:0.0025679661925723796;51:0.004677128537851544;31:0.00244838753476731,40:68;42:68;51:84;31:68,0.020263671875,0.005859375,Yes
42,212.59239393371766,103.42209909511621,0.0126953125,1.069185899701113e-05,0.0185546875,0.0068359375,1940,0.00017089017022438652,40,0.00017089017022438652,0,0.00017089017022438652,0.00017089017022438652,0.00017089017022438652,41:0.0025679661925723796;43:0.0014349690475294885;52:0.0021172522163130647;32:0.0015625689058069714,41:68;43:68;52:68;32:68,0.0126953125,0.007568359375,Yes
43,183.41945357548184,164.7521929433807,0.0042724609375,1e-05,0.008056640625,0.00048828125,1940,0.00020363999204890275,40,0.00020363999204890275,0,0.00020363999204890275,0.00020363999204890275,0.00020363999204890275,42:0.0014349690475294885;44:0.0012168408562782118;33:0.0011592478938256823;53:0.0013047823251957913,42:68;44:68;33:68;53:68,0.0042724609375,0.003662109375,Yes
44,191.9063181690232,107.79452905410047,0.015625,2.0898352598449674e-05,0.025634765625,0.005615234375,1940,0.00019457267953148797,40,0.00019457267953148797,0,0.00019457267953148797,0.00019457267953148797,0.00019457267953148797,45:0.001335166085916356;54:0.001252957838296237;43:0.0012168408562782118;34:0.0016894720281194486,45:68;54:68;43:68;34:68,0.015625,0.01611328125,Yes
45,46.64957137943164,71.24531296304966,0.0118408203125,3.137530121739492e-05,0.013671875,0.010009765625,1940,0.0001799229982372344,40,0.0001799229982372344,0,0.0001799229982372344,0.0001799229982372344,0.0001799229982372344,44:0.001335166085916356;46:0.001539851202382786;55:0.047352722976212624;35:0.0012636960285605514,44:68;46:68;55:68;35:68,0.0118408203125,0.009521484375,Yes
46,197.18078690293538,114.63759981776319,0.00830078125,2.9923355888051777e-05,0.014404296875,0.002197265625,1940,0.00019386721883133128,40,0.00019386721883133128,0,0.00019386721883133128,0.00019386721883133128,0.00019386721883133128,36:0.002716230521228463;45:0.001539851202382786;47:0.0012784860484262028;56:0.001133910614127348,36:68;45:68;47:68;56:88,0.00830078125,0.01708984375,Yes
47,186.78595793505812,212.97835113901934,0.014404296875,,0.018798828125,0.010009765625,1940,0.0001547515817150875,40,0.0001547515817150875,0,0.0001547515817150875,0.0001547515817150875,0.0001547515817150875,48:0.0020584158018635;57:0.0014273830417235456;46:0.0012784860484262028;37:0.003429112002608453,48:68;57:68;46:68;37:68,0.014404296875,0.087646484375,Yes
48,289.91094179713525,233.8662139184098,0.0103759765625,1.4202181144275958e-05,0.0107421875,0.010009765625,1940,9.874562440844263e-05,40,9.874562440844263e-05,0,9.874562440844263e-05,9.874562440844263e-05,9.874562440844263e-05,47:0.0020584158018635;49:0.005165074827477828;38:0.0009854001677886137;58:0.0010452284578769677,47:68;49:68;38:68;58:68,0.0103759765625,0.009521484375,Yes
49,120.15517323536635,135.2191873167606,0.0269775390625,0.008505222195132122,0.03662109375,0.017333984375,1940,0.0020324172604945165,40,0.0020324172604945165,0,0.0020324172604945165,0.0020324172604945165,0.0020324172604945165,48:0.005165074827477828;59:0.005519279505483393;39:0.006046154116398167,48:68;59:68;39:68,0.0269775390625,0.019775390625,Yes
50,176.58864873430034,206.87063212077626,0.003662109375,1e-05,0.005126953125,0.002197265625,1940,0.00023427288999389179,40,0.00023427288999389179,0,0.00023427288999389179,0.00023427288999389179,0.00023427288999389179,40:0.0019471951728776415;51:0.002116902169021745;60:0.0014084421927820223,40:68;51:68;60:68,0.003662109375,0.003173828125,Yes
51,37.72841022024741,59.206997429941545,0.0103759765625,1.2631839923567671e-05,0.01953125,0.001220703125,1940,0.0005038117522010616,40,0.0005038117522010616,0,0.0005038117522010616,0.0005038117522010616,0.0005038117522010616,41:0.004677128537851544;50:0.002116902169021745;52:0.002998936666566032;61:0.0020142544783371408,41:84;50:68;52:68;61:68,0.0103759765625,0.008056640625,Yes
52,138.05550712160192,141.69296119401915,0.016357421875,0.00035421270763198796,0.02880859375,0.00390625,1940,0.000212652471373956,40,0.000212652471373956,0,0.000212652471373956,0.000212652471373956,0.000212652471373956,42:0.0021172522163130647;51:0.002998936666566032;53:0.002289827292187213;62:0.07766254766938571,42:68;51:68;53:68;62:84,0.016357421875,0.0009765625,Yes
53,83.25157710043263,83.45109047464514,0.0145263671875,1e-05,0.017578125,0.011474609375,1940,0.0002692702968800053,40,0.0002692702968800053,0,0.0002692702968800053,0.0002692702968800053,0.0002692702968800053,52:0.002289827292187213;54:0.0012562944470173032;63:0.001015353766304572;43:0.0013047823251957913,52:68;54:68;63:68;43:68,0.0145263671875,0.00830078125,Yes
54,189.08954568750983,155.67472397898487,0.0052490234375,2.0096136094080418e-05,0.0087890625,0.001708984375,1940,0.00020299950971142458,40,0.00020299950971142458,0,0.00020299950971142458,0.00020299950971142458,0.00020299950971142458,44:0.001252957838296237;53:0.0012562944470173032;55:0.03215828719364469;64:0.0014352336996675263,44:68;53:68;55:68;64:68,0.0052490234375,0.004638671875,Yes
55,113.33904788442227,113.39955226696553,0.1248779296875,0.00017679268485658916,0.243408203125,0.00634765625,1940,0.003682011721666483,40,0.003682011721666483,0,0.003682011721666483,0.003682011721666483,0.003682011721666483,56:0.03209865355970645;45:0.047352722976212624;65:0.08802238758868179;54:0.03215828719364469,56:68;45:68;65:68;54:68,0.1248779296875,0.068115234375,Yes
56,159.3185145083998,174.5346673064695,0.00341796875,3.044822270054603e-05,0.0107421875,0.0029296875,1940,0.00016301819157988172,40,0.00016301819157988172,0,0.00016301819157988172,0.00016301819157988172,0.00016301819157988172,55:0.03209865355970645;46:0.001133910614127348;57:0.0008731099019723132;66:0.0019202710055947203,55:68;46:88;57:68;66:68,0.00341796875,0.00927734375,Yes
57,230.67225335896924,158.92287958149464,0.0074462890625,2.0996206857806732e-05,0.010986328125,0.00390625,1940,0.0001532233249315143,40,0.0001532233249315143,0,0.0001532233249315143,0.0001532233249315143,0.0001532233249315143,47:0.0014273830417235456;56:0.0008731099019723132;58:0.0010868015390661234;67:0.00682221808113756,47:68;56:68;58:68;67:68,0.0074462890625,0.0078125,Yes
58,192.3612164446871,229.38045210107936,0.0062255859375,2.9909696629468013e-05,0.007568359375,0.0048828125,1940,0.00015427074303165774,40,0.00015427074303165774,0,0.00015427074303165774,0.00015427074303165774,0.00015427074303165774,48:0.0010452284578769677;57:0.0010868015390661234;59:0.0010434901014285958;68:0.0015776909641879722,48:68;57:68;59:68;68:68,0.0062255859375,0.0048828125,Yes
59,225.97996999287267,127.55820022046115,0.0084228515625,0.000620069444107555,0.008544921875,0.00830078125,1940,0.00013762165913877827,40,0.00013762165913877827,0,0.00013762165913877827,0.00013762165913877827,0.00013762165913877827,49:0.005519279505483393;58:0.0010434901014285958;69:0.0012634874491557202,49:68;58:68;69:68,0.0084228515625,0.003173828125,Yes
60,125.73799799588681,107.32980444766262,0.0123291015625,4.191407234271733e-05,0.017333984375,0.00732421875,1940,0.0001665641391047588,40,0.0001665641391047588,0,0.0001665641391047588,0.0001665641391047588,0.0001665641391047588,61:0.0013502532334178363;50:0.0014084421927820223;70:0.0015747600375317639,61:68;50:68;70:68,0.0123291015625,0.0107421875,Yes
61,171.28488427767562,195.7781284589849,0.005126953125,2.949856101044609e-05,0.009521484375,0.000732421875,1940,0.00016239391421637132,40,0.00016239391421637132,0,0.00016239391421637132,0.00016239391421637132,0.00016239391421637132,51:0.0020142544783371408;60:0.0013502532334178363;62:0.08773582117853856;71:0.0009553606412836813,51:68;60:68;62:68;71:68,0.005126953125,0.02001953125,Yes
62,161.0171648763606,94.02410837331064,0.056884765625,,0.08935546875,0.0244140625,1940,0.009558787114048015,40,0.009558787114048015,0,0.009558787114048015,0.009558787114048015,0.009558787114048015,72:0.10997654354199767;52:0.07766254766938571;61:0.08773582117853856;63:0.15809076625696405,72:84;52:84;61:68;63:84,0.056884765625,0.017578125,Yes
63,227.2517474310526,227.54609239430363,0.0079345703125,1e-05,0.011474609375,0.00439453125,1940,0.00013166767477205447,40,0.00013166767477205447,0,0.00013166767477205447,0.00013166767477205447,0.00013166767477205447,53:0.001015353766304572;62:0.15809076625696405;64:0.0010524451533410195;73:0.004156667183626228,53:68;62:84;64:68;73:68,0.0079345703125,0.007080078125,Yes
64,156.58224151663433,77.27562843858666,0.0150146484375,1e-05,0.025634765625,0.00439453125,1940,0.00022882161668993163,40,0.00022882161668993163,0,0.00022882161668993163,0.00022882161668993163,0.00022882161668993163,65:0.0018868463445093075;54:0.0014352336996675263;63:0.0010524451533410195;74:0.0016126534762901656,65:68;54:68;63:68;74:68,0.0150146484375,0.02490234375,Yes
65,105.07413389913053,124.08165267884458,0.0113525390625,1e-05,0.01318359375,0.009521484375,1940,0.0002177558426181007,40,0.0002177558426181007,0,0.0002177558426181007,0.0002177558426181007,0.0002177558426181007,55:0.08802238758868179;64:0.0018868463445093075;66:0.002019360206795079;75:0.0015845344349558754,55:68;64:68;66:68;75:68,0.0113525390625,0.011962890625,Yes
66,70.71643834292715,66.39852910274445,0.0203857421875,2.7297185764985246e-05,0.03857421875,0.002197265625,1940,0.0004420660769178746,40,0.0004420660769178746,0,0.0004420660769178746,0.0004420660769178746,0.0004420660769178746,56:0.0019202710055947203;65:0.002019360206795079;67:0.00295637017503822;76:0.0011027725227505114,56:68;65:68;67:68;76:68,0.0203857421875,0.0126953125,Yes
67,12.060394007976711,19.342624643163003,0.031005859375,1.363147421373757e-05,0.05517578125,0.0068359375,1940,0.0018505913845129071,40,0.0018505913845129071,0,0.0018505913845129071,0.0018505913845129071,0.0018505913845129071,68:0.0028669131824069494;77:0.008381466146311467;57:0.00682221808113756;66:0.00295637017503822,68:68;77:68;57:68;66:68,0.031005859375,0.00830078125,Yes
68,179.93084886619323,193.51665991050652,0.0064697265625,1e-05,0.010498046875,0.00244140625,1940,0.0002338011003953021,40,0.0002338011003953021,0,0.0002338011003953021,0.0002338011003953021,0.0002338011003953021,67:0.0028669131824069494;58:0.0015776909641879722;69:0.0011745899627368939;78:0.002777851197939607,67:68;58:68;69:68;78:108,0.0064697265625,0.0048828125,Yes
69,152.95714343445536,214.84312879210063,0.004150390625,1.8493243115367038e-05,0.00732421875,0.0009765625,1940,0.00018560661575211905,40,0.00018560661575211905,0,0.00018560661575211905,0.00018560661575211905,0.00018560661575211905,68:0.0011745899627368939;59:0.0012634874491557202;79:0.0017918102710111627,68:68;59:68;79:68,0.004150390625,0.005615234375,Yes
70,179.26425295792143,178.50549985589365,0.0062255859375,1.3270155530562447e-05,0.01123046875,0.001220703125,1940,0.00019539911996964489,40,0.00019539911996964489,0,0.00019539911996964489,0.00019539911996964489,0.00019539911996964489,60:0.0015747600375317639;71:0.0013723832899979194;80:0.0012762762499029523,60:68;71:68;80:68,0.0062255859375,0.016845703125,Yes
71,140.2950768822793,114.49741262435143,0.0147705078125,3.165515281690921e-05,0.022216796875,0.00732421875,1940,0.0002083011120419403,40,0.0002083011120419403,0,0.0002083011120419403,0.0002083011120419403,0.0002083011120419403,72:0.0013471548712704062;81:0.0010487371792139433;61:0.0009553606412836813;70:0.0013723832899979194,72:68;81:68;61:68;70:68,0.0147705078125,0.027587890625,Yes
72,149.7032966412343,169.8635564351125,0.0040283203125,2.1401288249452204e-05,0.007568359375,0.00048828125,1940,0.000278232182439811,40,0.000278232182439811,0,0.000278232182439811,0.000278232182439811,0.000278232182439811,73:0.00747795293427353;62:0.10997654354199767;82:0.002072225411745371;71:0.0013471548712704062,73:68;62:84;82:68;71:68,0.0040283203125,0.00634765625,Yes
73,194.855486478632,82.59876415152179,0.033447265625,0.0007287319495347943,0.0361328125,0.018798828125,1940,0.0002300262759092679,40,0.0002300262759092679,0,0.0002300262759092679,0.0002300262759092679,0.0002300262759092679,72:0.00747795293427353;74:0.006591843468545522;83:0.005845998217346771;63:0.004156667183626228,72:68;74:68;83:68;63:68,0.033447265625,0.013916015625,Yes
74,95.35054743806182,115.0019634503956,0.0032958984375,7.299055998472986e-05,0.005126953125,0.00146484375,1940,0.00019492293106459143,40,0.00019492293106459143,0,0.00019492293106459143,0.00019492293106459143,0.00019492293106459143,73:0.006591843468545522;75:0.001716042579693322;84:0.0014602906371810609;64:0.0016126534762901656,73:68;75:68;84:68;64:68,0.0032958984375,0.002685546875,Yes
75,215.49683159378077,101.31314302159674,0.0086669921875,1.1758137317707167e-05,0.015625,0.001708984375,1940,0.0001447446310211132,40,0.0001447446310211132,0,0.0001447446310211132,0.0001447446310211132,0.0001447446310211132,74:0.001716042579693322;76:0.0011221402138164305;85:0.0011552518898373942;65:0.0015845344349558754,74:68;76:68;85:68;65:68,0.0086669921875,0.005859375,Yes
76,198.6124767086146,171.5874023927653,0.0067138671875,1e-05,0.0107421875,0.002685546875,1940,0.00017785233546331256,40,0.00017785233546331256,0,0.00017785233546331256,0.00017785233546331256,0.00017785233546331256,75:0.0011221402138164305;77:0.004446212343563016;66:0.0011027725227505114;86:0.001124612809944775,75:68;77:68;66:68;86:68,0.0067138671875,0.00390625,Yes
77,150.19394400036816,97.09628167522848,0.0357666015625,0.003441551372921396,0.051025390625,0.0205078125,1940,0.0014332984898260245,40,0.0014332984898260245,0,0.0014332984898260245,0.0014332984898260245,0.0014332984898260245,67:0.008381466146311467;78:0.003387695667784768;87:0.0066266695315402024;76:0.004446212343563016,67:68;78:68;87:68;76:68,0.0357666015625,0.01318359375,Yes
78,205.4585141665089,239.10045773569192,0.003662109375,1e-05,0.006591796875,0.000732421875,1940,0.00019503346724663066,40,0.00019503346724663066,0,0.00019503346724663066,0.00019503346724663066,0.00019503346724663066,77:0.003387695667784768;79:0.0029791143705273637;88:0.0016406029924538046;68:0.002777851197939607,77:68;79:68;88:68;68:108,0.003662109375,0.002197265625,Yes
79,83.1989851888567,87.52750432572574,0.0086669921875,0.0001457351142962375,0.013671875,0.003662109375,1940,0.00026077249589492564,40,0.00026077249589492564,0,0.00026077249589492564,0.00026077249589492564,0.00026077249589492564,78:0.0029791143705273637;89:0.0027446164969753273;69:0.0017918102710111627,78:68;89:68;69:68,0.0086669921875,0.00732421875,Yes
80,261.5772909505149,192.1710756889584,0.009765625,2.6854286158477865e-05,0.012939453125,0.006591796875,1940,0.00013119353294923294,40,0.00013119353294923294,0,0.00013119353294923294,0.00013119353294923294,0.00013119353294923294,81:0.0009250787017111295;90:0.0044483938351517205;70:0.0012762762499029523,81:68;90:68;70:68,0.009765625,0.0087890625,Yes
81,203.41777042326382,161.28067765838233,0.0068359375,1.2435957093768805e-05,0.011474609375,0.002197265625,1940,0.00019391323221536837,40,0.00019391323221536837,0,0.00019391323221536837,0.00019391323221536837,0.00019391323221536837,80:0.0009250787017111295;82:0.0029021136578791518;71:0.0010487371792139433;91:0.001641009196191201,80:68;82:68;71:68;91:68,0.0068359375,0.005615234375,Yes
82,183.262712275218,94.49440206349036,0.0078125,2.0813799562437234e-05,0.013916015625,0.001708984375,1940,0.0002695010999211018,40,0.0002695010999211018,0,0.0002695010999211018,0.0002695010999211018,0.0002695010999211018,72:0.002072225411745371;81:0.0029021136578791518;83:0.002509479629753647;92:0.0025912807258894888,72:68;81:68;83:68;92:88,0.0078125,0.0029296875,Yes
83,192.45240992827948,211.99348298876774,0.0054931640625,2.0485445516473175e-05,0.007080078125,0.00390625,1940,0.0001668195449826465,40,0.0001668195449826465,0,0.0001668195449826465,0.0001668195449826465,0.0001668195449826465,73:0.005845998217346771;82:0.002509479629753647;84:0.0016571466117427935;93:0.0012936915496234436,73:68;82:68;84:68;93:68,0.0054931640625,0.00537109375,Yes
84,256.25311986893007,109.02431528036776,0.0123291015625,1e-05,0.01318359375,0.011474609375,1940,0.0001618048817859255,40,0.0001618048817859255,0,0.0001618048817859255,0.0001618048817859255,0.0001618048817859255,74:0.0014602906371810609;83:0.0016571466117427935;85:0.0010076150091983538;94:0.001841321335169177,74:68;83:68;85:68;94:96,0.0123291015625,0.013427734375,Yes
85,216.40682332392134,189.88957661601748,0.0045166015625,1.0095970401626954e-05,0.007568359375,0.00146484375,1940,0.0001890433255702156,40,0.0001890433255702156,0,0.0001890433255702156,0.0001890433255702156,0.0001890433255702156,86:0.0008664711029601202;75:0.0011552518898373942;95:0.0010865576302131752;84:0.0010076150091983538,86:68;75:68;95:68;84:68,0.0045166015625,0.00439453125,Yes
86,218.28663595995644,118.36058163935128,0.0069580078125,1.050675189063665e-05,0.011962890625,0.001953125,1940,0.00020370026993409042,40,0.00020370026993409042,0,0.00020370026993409042,0.00020370026993409042,0.00020370026993409042,85:0.0008664711029601202;87:0.014325750268637638;96:0.0010332980198135833;76:0.001124612809944775,85:68;87:68;96:68;76:68,0.0069580078125,0.0087890625,Yes
87,242.08980477954114,210.59564689709302,0.0047607421875,0.00011011120445970155,0.00927734375,0.000244140625,1940,0.0001263858412184259,40,0.0001263858412184259,0,0.0001263858412184259,0.0001263858412184259,0.0001263858412184259,77:0.0066266695315402024;86:0.014325750268637638;88:0.001383862228637539;97:0.017818620405217422,77:68;86:68;88:68;97:108,0.0047607421875,0.00439453125,Yes
88,255.06655396848743,116.08742139347564,0.0093994140625,1.0563710869024993e-05,0.016357421875,0.00244140625,1940,0.00019672956697252398,40,0.00019672956697252398,0,0.00019672956697252398,0.00019672956697252398,0.00019672956697252398,78:0.0016406029924538046;87:0.001383862228637539;89:0.001178623365779119;98:0.0028351046133514857,78:68;87:68;89:68;98:68,0.0093994140625,0.08935546875,Yes
89,254.70842565556362,198.808355637499,0.00439453125,2.431376101788759e-05,0.008056640625,0.000732421875,1940,0.00013381549566408372,40,0.00013381549566408372,0,0.00013381549566408372,0.00013381549566408372,0.00013381549566408372,79:0.0027446164969753273;99:0.0014043093703608178;88:0.001178623365779119,79:68;99:68;88:68,0.00439453125,0.00439453125,Yes
90,230.04902977237728,235.95546067306174,0.003173828125,1e-05,0.0087890625,0.00146484375,1940,0.00015989673264859278,40,0.00015989673264859278,0,0.00015989673264859278,0.00015989673264859278,0.00015989673264859278,80:0.0044483938351517205;91:0.0015754649872314619;100:0.0022388872679737493,80:68;91:68;100:68,0.003173828125,0.005615234375,Yes
91,197.2114091560306,86.62694160941679,0.0133056640625,0.001046856423917051,0.018798828125,0.0078125,1940,0.00020271816841163545,40,0.00020271816841163545,0,0.00020271816841163545,0.00020271816841163545,0.00020271816841163545,81:0.001641009196191201;90:0.0015754649872314619;92:0.0011679721633731377;101:0.0016503066619278361,81:68;90:68;92:68;101:68,0.0133056640625,0.00537109375,Yes
92,153.83441988875322,144.81597635925704,0.0050048828125,3.596784219269122e-05,0.007568359375,0.00244140625,1940,0.00015299518392466755,40,0.00015299518392466755,0,0.00015299518392466755,0.00015299518392466755,0.00015299518392466755,82:0.0025912807258894888;91:0.0011679721633731377;93:0.001577596130768688;102:0.001215881987273848,82:88;91:68;93:68;102:68,0.0050048828125,0.00732421875,Yes
93,197.4812217276872,120.45631321718001,0.00927734375,3.5525548755407776e-05,0.014404296875,0.004150390625,1940,0.00021418755034418872,40,0.00021418755034418872,0,0.00021418755034418872,0.00021418755034418872,0.00021418755034418872,94:0.0012475716768221567;83:0.0012936915496234436;103:0.001446618301280539;92:0.001577596130768688,94:68;83:68;103:68;92:68,0.00927734375,0.00634765625,Yes
94,138.8225085408577,160.89185744785007,0.0047607421875,2.5331804260166835e-05,0.0068359375,0.002685546875,1940,0.00024391556359956498,40,0.00024391556359956498,0,0.00024391556359956498,0.00024391556359956498,0.00024391556359956498,93:0.0012475716768221567;84:0.001841321335169177;95:0.0031389288576894048;104:0.0017528170855031777,93:68;84:96;95:68;104:68,0.0047607421875,0.0029296875,Yes
95,221.56931147319625,138.17785418320895,0.0093994140625,1e-05,0.016357421875,0.00244140625,1940,0.00014323694068301822,40,0.00014323694068301822,0,0.00014323694068301822,0.00014323694068301822,0.00014323694068301822,85:0.0010865576302131752;94:0.0031389288576894048;96:0.030846394851280795;105:0.0013539148539113144,85:68;94:68;96:68;105:68,0.0093994140625,0.00634765625,Yes
96,196.0035265439157,163.04166381453703,0.005615234375,4.111035785005757e-05,0.00927734375,0.001953125,1940,0.0001756402237003538,40,0.0001756402237003538,0,0.0001756402237003538,0.0001756402237003538,0.0001756402237003538,97:0.001149472659837919;106:0.0022761974231975957;86:0.0010332980198135833;95:0.030846394851280795,97:68;106:68;86:68;95:68,0.005615234375,0.007080078125,Yes
97,232.70786632406262,111.1126826710862,0.0076904296875,1e-05,0.01416015625,0.001220703125,1940,0.00014163400871153873,40,0.00014163400871153873,0,0.00014163400871153873,0.00014163400871153873,0.00014163400871153873,96:0.001149472659837919;98:0.001136612107285273;87:0.017818620405217422;107:0.0008690357069428001,96:68;98:68;87:108;107:68,0.0076904296875,0.007080078125,Yes
98,238.29299855514577,173.895214063125,0.0067138671875,2.3894331685905655e-05,0.012451171875,0.0009765625,1940,0.00016277690730381352,40,0.00016277690730381352,0,0.00016277690730381352,0.00016277690730381352,0.00016277690730381352,97:0.001136612107285273;88:0.0028351046133514857;99:0.0017994581898388984;108:0.001291198944010613,97:68;88:68;99:68;108:68,0.0067138671875,0.003662109375,Yes
99,254.440378007602,176.0691770409295,0.007568359375,2.5172915540787333e-05,0.01318359375,0.001953125,1940,0.000363308190964092,40,0.000363308190964092,0,0.000363308190964092,0.000363308190964092,0.000363308190964092,109:0.0013910683957021885;89:0.0014043093703608178;98:0.0017994581898388984,109:68;89:68;98:68,0.007568359375,0.0048828125,Yes
100,239.45507208787674,199.79476577495848,0.00537109375,3.236467303927133e-05,0.0087890625,0.001953125,1940,0.0002068258694014021,40,0.0002068258694014021,0,0.0002068258694014021,0.0002068258694014021,0.0002068258694014021,101:0.06256249368650205;110:0.005808608386658781;90:0.0022388872679737493,101:68;110:68;90:68,0.00537109375,0.00390625,Yes
101,206.49367382983303,221.7854902557953,0.0052490234375,0.00024892370686091715,0.010498046875,0.0,1940,0.0001420263215264794,40,0.0001420263215264794,0,0.0001420263215264794,0.0001420263215264794,0.0001420263215264794,100:0.06256249368650205;91:0.0016503066619278361;102:0.0013837298548186328;111:0.001533833954123709,100:68;91:68;102:68;111:68,0.0052490234375,0.002685546875,Yes
102,246.91712853474317,106.67091797354836,0.0047607421875,2.129338212978323e-05,0.0087890625,0.000732421875,1940,0.00019736190193860904,40,0.00019736190193860904,0,0.00019736190193860904,0.00019736190193860904,0.00019736190193860904,101:0.0013837298548186328;103:0.0012318382977689057;92:0.001215881987273848;112:0.001865020211470142,101:68;103:68;92:68;112:68,0.0047607421875,0.005126953125,Yes
103,145.54444999306156,176.94059392144086,0.0074462890625,2.578488897266942e-05,0.01416015625,0.000732421875,1940,0.0002419676048405339,40,0.0002419676048405339,0,0.0002419676048405339,0.0002419676048405339,0.0002419676048405339,104:0.0015580286010153377;113:0.0016160409479059612;93:0.001446618301280539;102:0.0012318382977689057,104:68;113:68;93:68;102:68,0.0074462890625,0.00390625,Yes
104,175.20179678842263,124.68109264878802,0.0078125,1e-05,0.01416015625,0.00146484375,1940,0.00018443472742703612,40,0.00018443472742703612,0,0.00018443472742703612,0.00018443472742703612,0.00018443472742703612,103:0.0015580286010153377;105:0.002070258670223063;114:0.002430215237108735;94:0.0017528170855031777,103:68;105:68;114:68;94:68,0.0078125,0.011962890625,Yes
105,100.1797369457161,129.76207764240928,0.005615234375,4.0168273013474274e-05,0.010498046875,0.000732421875,1940,0.00024579914249822784,40,0.00024579914249822784,0,0.00024579914249822784,0.00024579914249822784,0.00024579914249822784,104:0.002070258670223063;106:0.0014353497677234428;115:0.0017815606506143278;95:0.0013539148539113144,104:68;106:68;115:68;95:68,0.005615234375,0.005615234375,Yes
106,186.25101749938466,95.54460967876682,0.006103515625,1e-05,0.009033203125,0.003173828125,1940,0.00025787953636709725,40,0.00025787953636709725,0,0.00025787953636709725,0.00025787953636709725,0.00025787953636709725,96:0.0022761974231975957;107:0.0011931630888164235;116:0.00364378898511053;105:0.0014353497677234428,96:68;107:68;116:68;105:68,0.006103515625,0.004150390625,Yes
107,184.11794305967638,198.19744978763703,0.0330810546875,4.631691270637243e-05,0.0380859375,0.03759765625,1940,0.00018677304835475447,40,0.00018677304835475447,0,0.00018677304835475447,0.00018677304835475447,0.00018677304835475447,106:0.0011931630888164235;108:0.0009695816771222721;117:0.0008947207836927928;97:0.0008690357069428001,106:68;108:68;117:68;97:68,0.0330810546875,0.005615234375,Yes
108,176.44141166669868,126.43396653526162,0.0050048828125,1e-05,0.009521484375,0.00048828125,1940,0.0001590352486045322,40,0.0001590352486045322,0,0.0001590352486045322,0.0001590352486045322,0.0001590352486045322,107:0.0009695816771222721;109:0.0010260862200829335;118:0.0010625013420837437;98:0.001291198944010613,107:68;109:68;118:68;98:68,0.0050048828125,0.00537109375,Yes
109,187.29262192748385,149.75608969575208,0.004638671875,1e-05,0.0078125,0.00146484375,1940,0.00015378424470594978,40,0.00015378424470594978,0,0.00015378424470594978,0.00015378424470594978,0.00015378424470594978,99:0.0013910683957021885;108:0.0010260862200829335;119:0.0017431556619927902,99:68;108:68;119:68,0.004638671875,0.0068359375,Yes
110,221.0110447890256,271.5458600055098,0.004638671875,2.2693579616851146e-05,0.007568359375,0.001708984375,1940,0.0001335546304341707,40,0.0001335546304341707,0,0.0001335546304341707,0.0001335546304341707,0.0001335546304341707,100:0.005808608386658781;111:0.002106026227951502,100:68;111:68,0.004638671875,0.003173828125,Yes
111,91.68497190229974,98.51032758101135,0.015380859375,2.7127872718873107e-05,0.0146484375,0.01611328125,1940,0.00021386505710773517,40,0.00021386505710773517,0,0.00021386505710773517,0.00021386505710773517,0.00021386505710773517,112:0.001189155165585376;110:0.002106026227951502;101:0.001533833954123709,112:68;110:68;101:68,0.015380859375,0.0107421875,Yes
112,144.19040164242577,201.53630813769882,0.006103515625,1e-05,0.006103515625,0.006103515625,1940,0.0002213155936425793,40,0.0002213155936425793,0,0.0002213155936425793,0.0002213155936425793,0.0002213155936425793,111:0.001189155165585376;113:0.0015702751057752873;102:0.001865020211470142,111:68;113:68;102:68,0.006103515625,0.00341796875,Yes
113,210.47131835557425,117.44739992285596,0.0078125,1e-05,0.012939453125,0.002685546875,1940,0.00022128250004929995,40,0.00022128250004929995,0,0.00022128250004929995,0.00022128250004929995,0.00022128250004929995,103:0.0016160409479059612;112:0.0015702751057752873;114:0.0024192524506515267,103:68;112:68;114:68,0.0078125,0.004638671875,Yes
114,80.52352132291955,122.030710150691,0.006591796875,1.979631399038453e-05,0.01220703125,0.0009765625,1940,0.0006346414499102536,40,0.0006346414499102536,0,0.0006346414499102536,0.0006346414499102536,0.0006346414499102536,115:0.0025711909875236194;104:0.002430215237108735;113:0.0024192524506515267,115:68;104:68;113:68,0.006591796875,0.0048828125,Yes
115,176.25205182551187,108.6268043902374,0.0067138671875,2.059900422623906e-05,0.01171875,0.001708984375,1940,0.00016695153196815774,40,0.00016695153196815774,0,0.00016695153196815774,0.00016695153196815774,0.00016695153196815774,114:0.0025711909875236194;105:0.0017815606506143278;116:0.0010493076722839778,114:68;105:68;116:68,0.0067138671875,0.003173828125,Yes
116,163.85118436093808,185.5794019021313,0.002685546875,1e-05,0.004638671875,0.000732421875,1940,0.0001522366076049091,40,0.0001522366076049091,0,0.0001522366076049091,0.0001522366076049091,0.0001522366076049091,106:0.00364378898511053;115:0.0010493076722839778;117:0.0015247146252801436,106:68;115:68;117:68,0.002685546875,0.002197265625,Yes
117,276.9856663919968,144.07001674265945,0.0059814453125,1.4237309714234698e-05,0.008544921875,0.00341796875,1940,0.00018399446691167454,40,0.00018399446691167454,0,0.00018399446691167454,0.00018399446691167454,0.00018399446691167454,107:0.0008947207836927928;116:0.0015247146252801436;118:0.0011839735136292828,107:68;116:68;118:68,0.0059814453125,0.006103515625,Yes
118,155.50958046832596,148.97800798329146,0.006103515625,1.0010408010715589e-05,0.010009765625,0.002197265625,1940,0.0002474163925488811,40,0.0002474163925488811,0,0.0002474163925488811,0.0002474163925488811,0.0002474163925488811,119:0.004814599164831679;108:0.0010625013420837437;117:0.0011839735136292828,119:68;108:68;117:68,0.006103515625,0.00146484375,Yes
119,169.24796659872362,115.50955903843314,0.0208740234375,0.0006116606149398862,0.039794921875,0.001953125,1940,0.0001811420767300691,40,0.0001811420767300691,0,0.0001811420767300691,0.0001811420767300691,0.0001811420767300691,118:0.004814599164831679;109:0.0017431556619927902,118:68;109:68,0.0208740234375,0.00634765625,Yes
