"Qubit","T1 (us)","T2 (us)","Readout assignment error","Init error","Prob meas0 prep1","Prob meas1 prep0","Readout length (ns)","ID error","Single-qubit gate length (ns)","RX error","Z-axis rotation (rz) error","√x (sx) error","Pauli-X error","XSLOW error","CZ error","Gate length (ns)","MEASURE error","MEASURE_2 error","Operational"
"0","166.44859339331308","59.48402260701529","0.00537109375","0.00001","0.01025390625","0.00048828125","1940","0.00024421070413335066","40","0.00024421070413335066","0","0.00024421070413335066","0.00024421070413335066","0.00024421070413335066","1:0.0022188059991422038;10:0.0018929885171844463","1:68;10:68","0.00537109375","0.006103515625","Yes"
"1","171.2083678975834","131.451734461659","0.007080078125","0.00001","0.00732421875","0.0068359375","1940","0.0002879706909605342","40","0.0002879706909605342","0","0.0002879706909605342","0.0002879706909605342","0.0002879706909605342","2:0.0015298028385751783;11:0.0035954528914638184;0:0.0022188059991422038","2:68;11:68;0:68","0.007080078125","0.0029296875","Yes"
"2","137.8554730521335","88.6460890893998","0.028076171875","0.00012137417331155232","0.05419921875","0.001953125","1940","0.0002617907916312993","40","0.0002617907916312993","0","0.0002617907916312993","0.0002617907916312993","0.0002617907916312993","1:0.0015298028385751783;3:0.0021388013670088357;12:0.0018310401428724143","1:68;3:68;12:68","0.028076171875","0.02685546875","Yes"
"3","141.56129694916334","98.36840522622349","0.007568359375","0.000010105610171802742","0.013671875","0.00146484375","1940","0.00021819130105756835","40","0.00021819130105756835","0","0.00021819130105756835","0.00021819130105756835","0.00021819130105756835","13:0.0020923484884336763;2:0.0021388013670088357;4:0.0014690217915226678","13:108;2:68;4:68","0.007568359375","0.005859375","Yes"
"4","197.84575295534165","79.81470090739752","0.014892578125","0.00007435426735419873","0.0244140625","0.00537109375","1940","0.00025809214550430974","40","0.00025809214550430974","0","0.00025809214550430974","0.00025809214550430974","0.00025809214550430974","3:0.0014690217915226678;5:0.004102743812703008;14:0.0014828498109843158","3:68;5:68;14:68","0.014892578125","0.008056640625","Yes"
"5","166.36147157794258","126.75791805935978","0.00537109375","0.00004005460120191622","0.01025390625","0.00048828125","1940","0.000675596604595589","40","0.000675596604595589","0","0.000675596604595589","0.000675596604595589","0.000675596604595589","6:0.005142520762504016;4:0.004102743812703008;15:0.004952076818406037","6:68;4:68;15:84","0.00537109375","0.00634765625","Yes"
"6","195.4119512515269","86.47484801096711","0.00830078125","0.00003269315894606394","0.01513671875","0.00146484375","1940","0.0004239550294386719","40","0.0004239550294386719","0","0.0004239550294386719","0.0004239550294386719","0.0004239550294386719","5:0.005142520762504016;7:0.010214462103021182;16:0.003780820876116031","5:68;7:68;16:68","0.00830078125","0.005615234375","Yes"
"7","15.616626731082743","21.9927458963626","0.019775390625","0.00001","0.03466796875","0.0048828125","1940","0.0012945054431175384","40","0.0012945054431175384","0","0.0012945054431175384","0.0012945054431175384","0.0012945054431175384","6:0.010214462103021182;8:0.013035183505771208","17:84;6:68;8:84","0.019775390625","0.01318359375","Yes"
"8","250.78999421142592","164.56107607757147","0.007568359375","0.001818431773115066","0.0126953125","0.00244140625","1940","0.00011149753127438738","40","0.00011149753127438738","0","0.00011149753127438738","0.00011149753127438738","0.00011149753127438738","9:0.0011922362102427808;18:0.0030017595170948597;7:0.013035183505771208","9:68;18:84;7:84","0.007568359375","0.004150390625","Yes"
"9","177.8603026888678","216.0291971400473","0.005126953125","0.00003712836746838187","0.01025390625","0","1940","0.0001997404637118087","40","0.0001997404637118087","0","0.0001997404637118087","0.0001997404637118087","0.0001997404637118087","8:0.0011922362102427808;19:0.0014101797251381831","8:68;19:68","0.005126953125","0.00244140625","Yes"
"10","111.28124735287419","115.14691389804909","0.0087890625","0.00001","0.013671875","0.00390625","1940","0.00035558653126736644","40","0.00035558653126736644","0","0.00035558653126736644","0.00035558653126736644","0.00035558653126736644","20:0.004074245467168253;11:0.0028375480810375053;0:0.0018929885171844463","20:68;11:68;0:68","0.0087890625","0.006591796875","Yes"
"11","43.34642887708209","26.20638301296423","0.021240234375","0.0005411175581563192","0.0341796875","0.00830078125","1940","0.0009186651770868296","40","0.0009186651770868296","0","0.0009186651770868296","0.0009186651770868296","0.0009186651770868296","1:0.0035954528914638184;10:0.0028375480810375053;12:0.0035300916342611566;21:0.0030425481771762797","1:68;10:68;12:68;21:68","0.021240234375","0.0126953125","Yes"
"12","80.17927771658725","65.3870726978996","0.005859375","0.000020156267525311787","0.01171875","0","1940","0.0003886729138464684","40","0.0003886729138464684","0","0.0003886729138464684","0.0003886729138464684","0.0003886729138464684","13:0.001910939111165022;22:0.0016937767182915175;2:0.0018310401428724143;11:0.0035300916342611566","13:68;22:68;2:68;11:68","0.005859375","0.00537109375","Yes"
"13","162.8143111588539","88.04540031837351","0.017333984375","0.00003297707347555678","0.0234375","0.01123046875","1940","0.00030006540902171187","40","0.00030006540902171187","0","0.00030006540902171187","0.00030006540902171187","0.00030006540902171187","3:0.0020923484884336763;12:0.001910939111165022;14:0.0019789086231944697;23:0.0027251033933223534","3:108;12:68;14:68;23:68","0.017333984375","0.011474609375","Yes"
"14","159.36069348722356","93.36696542050055","0.007568359375","0.0000448635840078467","0.01318359375","0.001953125","1940","0.00023789194436120995","40","0.00023789194436120995","0","0.00023789194436120995","0.00023789194436120995","0.00023789194436120995","15:0.0022905363648558774;24:0.008948640703134364;13:0.0019789086231944697;4:0.0014828498109843158","15:68;24:68;13:68;4:68","0.007568359375","0.005859375","Yes"
"15","194.1079270587893","116.44975817188023","0.013916015625","0.00001","0.02490234375","0.0029296875","1940","0.0003015281349763222","40","0.0003015281349763222","0","0.0003015281349763222","0.0003015281349763222","0.0003015281349763222","14:0.0022905363648558774;16:0.006590558462943347;25:0.005023079879642067;5:0.004952076818406037","14:68;16:68;25:68;5:84","0.013916015625","0.01318359375","Yes"
"16","194.7473437924758","136.7003596648034","0.007080078125","0.00004997376385538112","0.009765625","0.00439453125","1940","0.00022898297987271638","40","0.00022898297987271638","0","0.00022898297987271638","0.00022898297987271638","0.00022898297987271638","15:0.006590558462943347;26:0.009609613629132624;6:0.003780820876116031","15:68;17:84;26:68;6:68","0.007080078125","0.0029296875","Yes"
"17","","","0.506103515625","","0.544921875","0.46728515625","1940","","40","","0","","","","","7:84;16:84;18:84;27:84","0.506103515625","0.482421875","Yes"
"18","73.00726584149204","29.067510357984432","0.00830078125","0.000021668092406346853","0.0146484375","0.001953125","1940","0.0005015954642732377","40","0.0005015954642732377","0","0.0005015954642732377","0.0005015954642732377","0.0005015954642732377","8:0.0030017595170948597;19:0.002744355702103879;28:0.0024519729077751296","8:84;19:68;28:68;17:84","0.00830078125","0.005126953125","Yes"
"19","281.51904564339986","141.2777955423709","0.007080078125","0.00002731898676701961","0.01318359375","0.0009765625","1940","0.0002136287408631412","40","0.0002136287408631412","0","0.0002136287408631412","0.0002136287408631412","0.0002136287408631412","18:0.002744355702103879;9:0.0014101797251381831;29:0.0013069081028683482","18:68;9:68;29:68","0.007080078125","0.0087890625","Yes"
"20","197.28348716457467","131.466769311028","0.00830078125","0.00011537645340034269","0.015625","0.0009765625","1940","0.00018479172222314884","40","0.00018479172222314884","0","0.00018479172222314884","0.00018479172222314884","0.00018479172222314884","10:0.004074245467168253;21:0.002393846096607033;30:0.0017939102950954577","10:68;21:68;30:68","0.00830078125","0.008056640625","Yes"
"21","177.35394731941983","164.6500493236272","0.0029296875","0.00001","0.0048828125","0.0009765625","1940","0.0001979748600903718","40","0.0001979748600903718","0","0.0001979748600903718","0.0001979748600903718","0.0001979748600903718","20:0.002393846096607033;22:0.0008496084004037396;31:0.0011971819930829686;11:0.0030425481771762797","20:68;22:68;31:68;11:68","0.0029296875","0.002685546875","Yes"
"22","257.49700609617474","131.74987618646662","0.009765625","0.00001","0.01953125","0","1940","0.00023391482893396669","40","0.00023391482893396669","0","0.00023391482893396669","0.00023391482893396669","0.00023391482893396669","23:0.002931529704522512;12:0.0016937767182915175;32:0.001020277422084076;21:0.0008496084004037396","23:68;12:68;32:68;21:68","0.009765625","0.006103515625","Yes"
"23","56.47269247999373","78.63813990805411","0.008544921875","0.00004973056088037311","0.01416015625","0.0029296875","1940","0.00036613488342867","40","0.00036613488342867","0","0.00036613488342867","0.00036613488342867","0.00036613488342867","22:0.002931529704522512;13:0.0027251033933223534;24:0.005473423886421996;33:0.0024276878904657684","22:68;13:68;24:68;33:68","0.008544921875","0.008056640625","Yes"
"24","92.92600925925554","100.2237095873648","0.09228515625","","0.1611328125","0.0234375","1940","0.003368223128366444","40","0.003368223128366444","0","0.003368223128366444","0.003368223128366444","0.003368223128366444","14:0.008948640703134364;23:0.005473423886421996;25:0.01009974961850102;34:0.006482149727137704","14:68;23:68;25:68;34:68","0.09228515625","0.10205078125","Yes"
"25","160.44833873013124","123.99557906980581","0.004150390625","0.00004347181225702247","0.0078125","0.00048828125","1940","0.0003036137370575736","40","0.0003036137370575736","0","0.0003036137370575736","0.0003036137370575736","0.0003036137370575736","15:0.005023079879642067;24:0.01009974961850102;26:0.0011893143762791714;35:0.0009696801387044929","15:68;24:68;26:68;35:68","0.004150390625","0.00439453125","Yes"
"26","205.7879855014026","143.2386813369415","0.009033203125","0.00003452826038754868","0.01416015625","0.00390625","1940","0.00014719072760561145","40","0.00014719072760561145","0","0.00014719072760561145","0.00014719072760561145","0.00014719072760561145","16:0.009609613629132624;25:0.0011893143762791714;27:0.007483305400493773;36:0.0016083011291788685","16:68;25:68;27:68;36:68","0.009033203125","0.007080078125","Yes"
"27","56.43257009860863","41.51252006457402","0.012451171875","0.000020614834512666858","0.02294921875","0.001953125","1940","0.0010844685258797773","40","0.0010844685258797773","0","0.0010844685258797773","0.0010844685258797773","0.0010844685258797773","26:0.007483305400493773;28:0.008053889721621577;37:0.007813797709180337","26:68;28:68;17:84;37:68","0.012451171875","0.008544921875","Yes"
"28","54.205488381516794","73.50788726274862","0.01025390625","0.000012297534783254636","0.01611328125","0.00439453125","1940","0.00018194690897582207","40","0.00018194690897582207","0","0.00018194690897582207","0.00018194690897582207","0.00018194690897582207","18:0.0024519729077751296;27:0.008053889721621577;29:0.0013706224314980753;38:0.0017904862751995099","18:68;27:68;29:68;38:68","0.01025390625","0.01416015625","Yes"
"29","46.513549459917975","96.78701138369763","0.00390625","0.000010064389748892384","0.00634765625","0.00146484375","1940","0.0005885691863183046","40","0.0005885691863183046","0","0.0005885691863183046","0.0005885691863183046","0.0005885691863183046","19:0.0013069081028683482;28:0.0013706224314980753;39:0.0012517757068574997","19:68;28:68;39:68","0.00390625","0.005126953125","Yes"
"30","153.68688974112447","216.85385381464354","0.005859375","0.000010145437764834497","0.009765625","0.001953125","1940","0.00021050706310961594","40","0.00021050706310961594","0","0.00021050706310961594","0.00021050706310961594","0.00021050706310961594","20:0.0017939102950954577;31:0.001505564014714883;40:0.0021644110540591788","20:68;31:68;40:68","0.005859375","0.004150390625","Yes"
"31","163.67578696044322","97.0465490098028","0.013427734375","0.00001","0.025390625","0.00146484375","1940","0.00020762065366575075","40","0.00020762065366575075","0","0.00020762065366575075","0.00020762065366575075","0.00020762065366575075","30:0.001505564014714883;32:0.018330217111729857;21:0.0011971819930829686;41:0.003238587847699398","30:68;32:208;21:68;41:68","0.013427734375","0.0087890625","Yes"
"32","161.3742856479255","151.5382078680696","0.00439453125","0.000011196876692740623","0.0087890625","0","1940","0.00026089491509563735","40","0.00026089491509563735","0","0.00026089491509563735","0.00026089491509563735","0.00026089491509563735","22:0.001020277422084076;31:0.018330217111729857;33:0.0017731861138312044;42:0.003694499842575416","22:68;31:208;33:68;42:68","0.00439453125","0.00927734375","Yes"
"33","219.12053931293912","93.51967459173602","0.011962890625","0.00002550988917264104","0.0234375","0.00048828125","1940","0.0003104594953850561","40","0.0003104594953850561","0","0.0003104594953850561","0.0003104594953850561","0.0003104594953850561","23:0.0024276878904657684;32:0.0017731861138312044;34:0.002239743482887302;43:0.0015911620042357577","23:68;32:68;34:68;43:68","0.011962890625","0.0087890625","Yes"
"34","127.98385783255092","127.21525534945026","0.0048828125","0.000010040098467087633","0.00927734375","0.00048828125","1940","0.0002242919547688417","40","0.0002242919547688417","0","0.0002242919547688417","0.0002242919547688417","0.0002242919547688417","24:0.006482149727137704;33:0.002239743482887302;35:0.0012656894574168687;44:0.0019273715090356858","24:68;33:68;35:68;44:68","0.0048828125","0.00634765625","Yes"
"35","241.9214521372977","161.4422202239492","0.009033203125","0.00005609819028540543","0.015625","0.00244140625","1940","0.0003346975256875568","40","0.0003346975256875568","0","0.0003346975256875568","0.0003346975256875568","0.0003346975256875568","25:0.0009696801387044929;36:0.0020893132314316054;45:0.001497695963387169;34:0.0012656894574168687","25:68;36:68;45:68;34:68","0.009033203125","0.010009765625","Yes"
"36","165.3886139768005","174.34865960708404","0.006103515625","0.00002498515191365518","0.01220703125","0","1940","0.00015434546044049312","40","0.00015434546044049312","0","0.00015434546044049312","0.00015434546044049312","0.00015434546044049312","46:0.0026101479583366116;26:0.0016083011291788685;35:0.0020893132314316054;37:0.0022992191527527184","46:68;26:68;35:68;37:68","0.006103515625","0.00537109375","Yes"
"37","25.612591837358263","42.857180739663505","0.019287109375","0.00001","0.03076171875","0.0078125","1940","0.0005829708295384078","40","0.0005829708295384078","0","0.0005829708295384078","0.0005829708295384078","0.0005829708295384078","27:0.007813797709180337;36:0.0022992191527527184;38:0.0030382897986520607;47:0.0028114240140690028","27:68;36:68;38:68;47:68","0.019287109375","0.015380859375","Yes"
"38","222.46847354834028","205.09218532699705","0.003173828125","0.0001317441911909228","0.00634765625","0","1940","0.00018835423039024573","40","0.00018835423039024573","0","0.00018835423039024573","0.00018835423039024573","0.00018835423039024573","39:0.0014495865517054896;48:0.0011206879531558689;28:0.0017904862751995099;37:0.0030382897986520607","39:68;48:68;28:68;37:68","0.003173828125","0.001953125","Yes"
"39","226.64760396110574","176.25520504152792","0.010498046875","0.00002550919355448882","0.0185546875","0.00244140625","1940","0.0001315526455097207","40","0.0001315526455097207","0","0.0001315526455097207","0.0001315526455097207","0.0001315526455097207","38:0.0014495865517054896;29:0.0012517757068574997;49:0.005599545995938204","38:68;29:68;49:68","0.010498046875","0.01953125","Yes"
"40","102.79701837959931","110.578545988023","0.01025390625","0.000075105608533075","0.01611328125","0.00439453125","1940","0.0002500677451734248","40","0.0002500677451734248","0","0.0002500677451734248","0.0002500677451734248","0.0002500677451734248","41:0.0035916059995852734;50:0.001717397853558289;30:0.0021644110540591788","41:68;50:68;30:68","0.01025390625","0.00830078125","Yes"
"41","33.45020941871298","64.38481909957744","0.01708984375","0.0000303478546235655","0.0205078125","0.013671875","1940","0.0005442851968835293","40","0.0005442851968835293","0","0.0005442851968835293","0.0005442851968835293","0.0005442851968835293","40:0.0035916059995852734;42:0.005167694446153476;51:0.005227356056482835;31:0.003238587847699398","40:68;42:68;51:84;31:68","0.01708984375","0.005859375","Yes"
"42","190.74271760302756","108.21841097047654","0.011474609375","0.00001069185899701113","0.01708984375","0.005859375","1940","0.00025432560203243385","40","0.00025432560203243385","0","0.00025432560203243385","0.00025432560203243385","0.00025432560203243385","41:0.005167694446153476;43:0.003110982240726645;52:0.0030850720195239045;32:0.003694499842575416","41:68;43:68;52:68;32:68","0.011474609375","0.007568359375","Yes"
"43","183.02640280172415","150.4988907275363","0.0029296875","0.00001922922860745322","0.005859375","0","1940","0.0002088890475511744","40","0.0002088890475511744","0","0.0002088890475511744","0.0002088890475511744","0.0002088890475511744","42:0.003110982240726645;44:0.0014523998129107318;33:0.0015911620042357577;53:0.0014732383955446127","42:68;44:68;33:68;53:68","0.0029296875","0.003662109375","Yes"
"44","187.22378431662625","103.67333837784477","0.027099609375","0.000020898352598449674","0.044921875","0.00927734375","1940","0.00015098269163331125","40","0.00015098269163331125","0","0.00015098269163331125","0.00015098269163331125","0.00015098269163331125","45:0.0019452560739689484;54:0.0014424172993945938;43:0.0014523998129107318;34:0.0019273715090356858","45:68;54:68;43:68;34:68","0.027099609375","0.01611328125","Yes"
"45","123.82741833329014","142.98747333750745","0.013671875","0.00003137530121739492","0.0205078125","0.0068359375","1940","0.00032948198899965844","40","0.00032948198899965844","0","0.00032948198899965844","0.00032948198899965844","0.00032948198899965844","44:0.0019452560739689484;46:0.0015282361512104214;55:0.0488324355589137;35:0.001497695963387169","44:68;46:68;55:68;35:68","0.013671875","0.009521484375","Yes"
"46","201.83920511578725","119.93804150377592","0.00830078125","0.00001014832836886413","0.0166015625","0","1940","0.0002187805973952334","40","0.0002187805973952334","0","0.0002187805973952334","0.0002187805973952334","0.0002187805973952334","36:0.0026101479583366116;45:0.0015282361512104214;47:0.0008769285447290665;56:0.0011068867621783218","36:68;45:68;47:68;56:88","0.00830078125","0.01708984375","Yes"
"47","182.4697346195482","204.7059169445865","0.01025390625","","0.01513671875","0.00537109375","1940","0.00012140026275835602","40","0.00012140026275835602","0","0.00012140026275835602","0.00012140026275835602","0.00012140026275835602","48:0.0010817534749542335;57:0.0014766212652226607;46:0.0008769285447290665;37:0.0028114240140690028","48:68;57:68;46:68;37:68","0.01025390625","0.087646484375","Yes"
"48","268.3584733844769","239.09948356046954","0.00732421875","0.000014202181144275958","0.013671875","0.0009765625","1940","0.00011490277316151722","40","0.00011490277316151722","0","0.00011490277316151722","0.00011490277316151722","0.00011490277316151722","47:0.0010817534749542335;49:0.005947819158013096;38:0.0011206879531558689;58:0.0010624728645660664","47:68;49:68;38:68;58:68","0.00732421875","0.009521484375","Yes"
"49","140.76794754901613","135.2191873167606","0.03662109375","0.00007458859953632018","0.064453125","0.0087890625","1940","0.0008318775726817285","40","0.0008318775726817285","0","0.0008318775726817285","0.0008318775726817285","0.0008318775726817285","48:0.005947819158013096;59:0.00517886555960026;39:0.005599545995938204","48:68;59:68;39:68","0.03662109375","0.019775390625","Yes"
"50","184.9968012057312","219.83237364675557","0.003662109375","0.00001","0.00341796875","0.00390625","1940","0.00020920667587221554","40","0.00020920667587221554","0","0.00020920667587221554","0.00020920667587221554","0.00020920667587221554","40:0.001717397853558289;51:0.0022863417700777766;60:0.001226759613856404","40:68;51:68;60:68","0.003662109375","0.003173828125","Yes"
"51","37.91758939293832","59.660880671061754","0.0146484375","0.000014165153363198162","0.02734375","0.001953125","1940","0.0004659531380347282","40","0.0004659531380347282","0","0.0004659531380347282","0.0004659531380347282","0.0004659531380347282","41:0.005227356056482835;50:0.0022863417700777766;52:0.002073573961306474;61:0.0020469049604368017","41:84;50:68;52:68;61:68","0.0146484375","0.008056640625","Yes"
"52","128.19568249615202","148.5703483140423","0.008544921875","0.00035421270763198796","0.01025390625","0.0068359375","1940","0.00024280474929368217","40","0.00024280474929368217","0","0.00024280474929368217","0.00024280474929368217","0.00024280474929368217","42:0.0030850720195239045;51:0.002073573961306474;53:0.0013564827061365858;62:0.04271836477348123","42:68;51:68;53:68;62:84","0.008544921875","0.0009765625","Yes"
"53","85.54127452653451","81.98765918680272","0.01708984375","0.00001","0.0146484375","0.01953125","1940","0.0002726375884888261","40","0.0002726375884888261","0","0.0002726375884888261","0.0002726375884888261","0.0002726375884888261","52:0.0013564827061365858;54:0.0015006653524781144;63:0.0013613489577453397;43:0.0014732383955446127","52:68;54:68;63:68;43:68","0.01708984375","0.00830078125","Yes"
"54","206.1885738670843","160.1280144770122","0.005859375","0.00001","0.0107421875","0.0009765625","1940","0.00016705648716131745","40","0.00016705648716131745","0","0.00016705648716131745","0.00016705648716131745","0.00016705648716131745","44:0.0014424172993945938;53:0.0015006653524781144;55:0.04128342816136377;64:0.001245214976676623","44:68;53:68;55:68;64:68","0.005859375","0.004638671875","Yes"
"55","88.5036349934686","102.48397534602543","0.130615234375","0.00017679268485658916","0.2578125","0.00341796875","1940","0.002679635272530647","40","0.002679635272530647","0","0.002679635272530647","0.002679635272530647","0.002679635272530647","56:0.026686923191722;45:0.0488324355589137;65:0.07670114157247226;54:0.04128342816136377","56:68;45:68;65:68;54:68","0.130615234375","0.068115234375","Yes"
"56","194.0420148098776","179.55012205363363","0.00537109375","0.000011774691186240532","0.0107421875","0","1940","0.0001286427023776473","40","0.0001286427023776473","0","0.0001286427023776473","0.0001286427023776473","0.0001286427023776473","55:0.026686923191722;46:0.0011068867621783218;57:0.0009523299133293306;66:0.0019295345884082216","55:68;46:88;57:68;66:68","0.00537109375","0.00927734375","Yes"
"57","225.18163147746714","36.600246905002216","0.00732421875","0.000019698697528708367","0.0126953125","0.001953125","1940","0.00016105293436513362","40","0.00016105293436513362","0","0.00016105293436513362","0.00016105293436513362","0.00016105293436513362","47:0.0014766212652226607;56:0.0009523299133293306;58:0.0008168171462021034;67:0.006925340131995972","47:68;56:68;58:68;67:68","0.00732421875","0.0078125","Yes"
"58","213.42465419622158","225.75580005335098","0.007080078125","0.00001","0.0126953125","0.00146484375","1940","0.0002366576957384939","40","0.0002366576957384939","0","0.0002366576957384939","0.0002366576957384939","0.0002366576957384939","48:0.0010624728645660664;57:0.0008168171462021034;59:0.0009343150206662099;68:0.0011620269315167353","48:68;57:68;59:68;68:68","0.007080078125","0.0048828125","Yes"
"59","269.8223324490088","138.25955662984833","0.011962890625","0.000620069444107555","0.01953125","0.00439453125","1940","0.00013762165913877827","40","0.00013762165913877827","0","0.00013762165913877827","0.00013762165913877827","0.00013762165913877827","49:0.00517886555960026;58:0.0009343150206662099;69:0.0013430838394750677","49:68;58:68;69:68","0.011962890625","0.003173828125","Yes"
"60","169.4779982481542","118.7856213534063","0.013671875","0.00004191407234271733","0.02001953125","0.00732421875","1940","0.00018101228879357066","40","0.00018101228879357066","0","0.00018101228879357066","0.00018101228879357066","0.00018101228879357066","61:0.0012278808438557498;50:0.001226759613856404;70:0.0011351302107981687","61:68;50:68;70:68","0.013671875","0.0107421875","Yes"
"61","156.3170804290416","175.34531926121332","0.009521484375","0.000022747243530204308","0.0166015625","0.00244140625","1940","0.00017065047104145384","40","0.00017065047104145384","0","0.00017065047104145384","0.00017065047104145384","0.00017065047104145384","51:0.0020469049604368017;60:0.0012278808438557498;62:0.11432117366915256;71:0.0016469801916727533","51:68;60:68;62:68;71:68","0.009521484375","0.02001953125","Yes"
"62","199.49908892294468","91.79845333093414","0.0537109375","","0.07763671875","0.02978515625","1940","0.005840679632674199","40","0.005840679632674199","0","0.005840679632674199","0.005840679632674199","0.005840679632674199","72:0.09962788183411936;52:0.04271836477348123;61:0.11432117366915256;63:0.12654851857232877","72:84;52:84;61:68;63:84","0.0537109375","0.017578125","Yes"
"63","205.557105442326","214.61221979223288","0.005615234375","0.00001","0.005859375","0.00537109375","1940","0.00015842104515858318","40","0.00015842104515858318","0","0.00015842104515858318","0.00015842104515858318","0.00015842104515858318","53:0.0013613489577453397;62:0.12654851857232877;64:0.0013967367130953146;73:0.01786163092240997","53:68;62:84;64:68;73:68","0.005615234375","0.007080078125","Yes"
"64","187.38371505180217","86.67801876562264","0.01513671875","0.00001","0.02587890625","0.00439453125","1940","0.00022323827487281592","40","0.00022323827487281592","0","0.00022323827487281592","0.00022323827487281592","0.00022323827487281592","65:0.001879710150054864;54:0.001245214976676623;63:0.0013967367130953146;74:0.0015155676251275008","65:68;54:68;63:68;74:68","0.01513671875","0.02490234375","Yes"
"65","113.40830984095486","139.44311358699164","0.009765625","0.00001","0.01513671875","0.00439453125","1940","0.00028071581860643054","40","0.00028071581860643054","0","0.00028071581860643054","0.00028071581860643054","0.00028071581860643054","55:0.07670114157247226;64:0.001879710150054864;66:0.0017612626598648706;75:0.0013828803899219588","55:68;64:68;66:68;75:68","0.009765625","0.011962890625","Yes"
"66","84.29754730354598","88.5325852106495","0.02197265625","0.00001","0.0419921875","0.001953125","1940","0.0011789395877487624","40","0.0011789395877487624","0","0.0011789395877487624","0.0011789395877487624","0.0011789395877487624","56:0.0019295345884082216;65:0.0017612626598648706;67:0.008338749307062465;76:0.001977081590856633","56:68;65:68;67:68;76:68","0.02197265625","0.0126953125","Yes"
"67","11.093010290947378","17.764342414689782","0.02734375","0.00001363147421373757","0.046875","0.0078125","1940","0.002347447703597319","40","0.002347447703597319","0","0.002347447703597319","0.002347447703597319","0.002347447703597319","68:0.007446270918005732;77:0.008690124884358497;57:0.006925340131995972;66:0.008338749307062465","68:68;77:68;57:68;66:68","0.02734375","0.00830078125","Yes"
"68","178.4585972179486","192.39723843933342","0.00830078125","0.00006071815931448113","0.013671875","0.0029296875","1940","0.00024006550402685576","40","0.00024006550402685576","0","0.00024006550402685576","0.00024006550402685576","0.00024006550402685576","67:0.007446270918005732;58:0.0011620269315167353;69:0.001114787047332394;78:0.0026167181953824503","67:68;58:68;69:68;78:108","0.00830078125","0.0048828125","Yes"
"69","137.99591800386904","205.02626191742598","0.003173828125","0.00006753686719121002","0.00439453125","0.001953125","1940","0.00019962338415959602","40","0.00019962338415959602","0","0.00019962338415959602","0.00019962338415959602","0.00019962338415959602","68:0.001114787047332394;59:0.0013430838394750677;79:0.001749533088624411","68:68;59:68;79:68","0.003173828125","0.005615234375","Yes"
"70","186.0330766490025","165.37201965557423","0.003173828125","0.00001","0.005859375","0.00048828125","1940","0.00023503636639753822","40","0.00023503636639753822","0","0.00023503636639753822","0.00023503636639753822","0.00023503636639753822","60:0.0011351302107981687;71:0.0012277562905242678;80:0.0009828165511833742","60:68;71:68;80:68","0.003173828125","0.016845703125","Yes"
"71","234.95292855290387","114.9713138345601","0.015625","0.00003165515281690921","0.0234375","0.0078125","1940","0.0002667535724777755","40","0.0002667535724777755","0","0.0002667535724777755","0.0002667535724777755","0.0002667535724777755","72:0.001012078530708671;81:0.00110329819395108;61:0.0016469801916727533;70:0.0012277562905242678","72:68;81:68;61:68;70:68","0.015625","0.027587890625","Yes"
"72","139.2487140420999","159.28611096286758","0.00634765625","0.00002040428389002529","0.01220703125","0.00048828125","1940","0.00014371557835599636","40","0.00014371557835599636","0","0.00014371557835599636","0.00014371557835599636","0.00014371557835599636","73:0.02239346537901754;62:0.09962788183411936;82:0.0018070776947366751;71:0.001012078530708671","73:68;62:84;82:68;71:68","0.00634765625","0.00634765625","Yes"
"73","221.47357745068476","86.43334159510766","0.03173828125","0.0007287319495347943","0.0361328125","0.02734375","1940","0.0002757052154291499","40","0.0002757052154291499","0","0.0002757052154291499","0.0002757052154291499","0.0002757052154291499","72:0.02239346537901754;74:0.016577632156980965;83:0.02390097094051835;63:0.01786163092240997","72:68;74:68;83:68;63:68","0.03173828125","0.013916015625","Yes"
"74","121.97251921017553","143.10465191938542","0.0048828125","0.000022789195273127988","0.00830078125","0.00146484375","1940","0.00024418795873772933","40","0.00024418795873772933","0","0.00024418795873772933","0.00024418795873772933","0.00024418795873772933","73:0.016577632156980965;75:0.0015431852306761473;84:0.0016322662177570557;64:0.0015155676251275008","73:68;75:68;84:68;64:68","0.0048828125","0.002685546875","Yes"
"75","192.39897085608877","94.98705178404117","0.009765625","0.000014797859593237101","0.015625","0.00390625","1940","0.00030914565049185893","40","0.00030914565049185893","0","0.00030914565049185893","0.00030914565049185893","0.00030914565049185893","74:0.0015431852306761473;76:0.0011688838482329933;85:0.0014574595572010296;65:0.0013828803899219588","74:68;76:68;85:68;65:68","0.009765625","0.005859375","Yes"
"76","195.86334218034528","162.22288610299432","0.00439453125","0.00001","0.005859375","0.0029296875","1940","0.00015933485548335805","40","0.00015933485548335805","0","0.00015933485548335805","0.00015933485548335805","0.00015933485548335805","75:0.0011688838482329933;77:0.0043238010258369874;66:0.001977081590856633;86:0.0012013898066333129","75:68;77:68;66:68;86:68","0.00439453125","0.00390625","Yes"
"77","49.103526658170814","16.750932362805678","0.05224609375","0.003441551372921396","0.0791015625","0.025390625","1940","0.0011779949441845276","40","0.0011779949441845276","0","0.0011779949441845276","0.0011779949441845276","0.0011779949441845276","67:0.008690124884358497;78:0.0028778528087342603;87:0.006574933746947814;76:0.0043238010258369874","67:68;78:68;87:68;76:68","0.05224609375","0.01318359375","Yes"
"78","98.05152262404307","108.2824354108383","0.002685546875","0.00001","0.00439453125","0.0009765625","1940","0.00028372164124792733","40","0.00028372164124792733","0","0.00028372164124792733","0.00028372164124792733","0.00028372164124792733","77:0.0028778528087342603;79:0.0026288731045588654;88:0.001984270355253559;68:0.0026167181953824503","77:68;79:68;88:68;68:108","0.002685546875","0.002197265625","Yes"
"79","84.82167965870836","87.08875966220786","0.00634765625","0.00016274936219064747","0.0107421875","0.001953125","1940","0.00021707428851987833","40","0.00021707428851987833","0","0.00021707428851987833","0.00021707428851987833","0.00021707428851987833","78:0.0026288731045588654;89:0.002445738301544015;69:0.001749533088624411","78:68;89:68;69:68","0.00634765625","0.00732421875","Yes"
"80","274.4847703410385","173.48988233119874","0.0078125","0.000022984219089441185","0.01171875","0.00390625","1940","0.00010065892038413467","40","0.00010065892038413467","0","0.00010065892038413467","0.00010065892038413467","0.00010065892038413467","81:0.0009565218540079912;90:0.004709606694710877;70:0.0009828165511833742","81:68;90:68;70:68","0.0078125","0.0087890625","Yes"
"81","178.79679425666714","158.6595769995761","0.003173828125","0.00001","0.00634765625","0","1940","0.00018953742303679433","40","0.00018953742303679433","0","0.00018953742303679433","0.00018953742303679433","0.00018953742303679433","80:0.0009565218540079912;82:0.0025476567089117164;71:0.00110329819395108;91:0.0013302599329136633","80:68;82:68;71:68;91:68","0.003173828125","0.005615234375","Yes"
"82","134.86666822520777","84.55163621030773","0.00830078125","0.00001","0.0166015625","0","1940","0.0003333461252211659","40","0.0003333461252211659","0","0.0003333461252211659","0.0003333461252211659","0.0003333461252211659","72:0.0018070776947366751;81:0.0025476567089117164;83:0.002016916495614668;92:0.0032002626935303258","72:68;81:68;83:68;92:88","0.00830078125","0.0029296875","Yes"
"83","177.69895159592502","186.29071659977578","0.004638671875","0.00007580031238334318","0.0087890625","0.00048828125","1940","0.00020886035625764307","40","0.00020886035625764307","0","0.00020886035625764307","0.00020886035625764307","0.00020886035625764307","73:0.02390097094051835;82:0.002016916495614668;84:0.0018568343526101372;93:0.0014491739686243732","73:68;82:68;84:68;93:68","0.004638671875","0.00537109375","Yes"
"84","223.84819804333128","71.3529057865716","0.011962890625","0.000010791143412251923","0.01953125","0.00439453125","1940","0.00032117145161519184","40","0.00032117145161519184","0","0.00032117145161519184","0.00032117145161519184","0.00032117145161519184","74:0.0016322662177570557;83:0.0018568343526101372;85:0.0013112113025977312;94:0.0020059400155666984","74:68;83:68;85:68;94:96","0.011962890625","0.013427734375","Yes"
"85","207.5554245233234","190.03018997457335","0.005859375","0.000041664376496495465","0.00927734375","0.00244140625","1940","0.00021461890709618018","40","0.00021461890709618018","0","0.00021461890709618018","0.00021461890709618018","0.00021461890709618018","86:0.0008711023590977918;75:0.0014574595572010296;95:0.0011001466353657285;84:0.0013112113025977312","86:68;75:68;95:68;84:68","0.005859375","0.00439453125","Yes"
"86","250.73387860822984","123.51065659952428","0.007568359375","0.00004389117362035381","0.0126953125","0.00244140625","1940","0.00024577389977932767","40","0.00024577389977932767","0","0.00024577389977932767","0.00024577389977932767","0.00024577389977932767","85:0.0008711023590977918;87:0.01316695405069565;96:0.0009496487719563296;76:0.0012013898066333129","85:68;87:68;96:68;76:68","0.007568359375","0.0087890625","Yes"
"87","231.43979903261734","216.42625782965382","0.003173828125","0.00001647875960267574","0.005859375","0.00048828125","1940","0.00012478139108240815","40","0.00012478139108240815","0","0.00012478139108240815","0.00012478139108240815","0.00012478139108240815","77:0.006574933746947814;86:0.01316695405069565;88:0.0015019984764713945;97:0.018563258129830118","77:68;86:68;88:68;97:108","0.003173828125","0.00439453125","Yes"
"88","263.2092941580052","121.7582662443527","0.00634765625","0.0000258279239923425","0.01123046875","0.00146484375","1940","0.00021706041495777388","40","0.00021706041495777388","0","0.00021706041495777388","0.00021706041495777388","0.00021706041495777388","78:0.001984270355253559;87:0.0015019984764713945;89:0.0009906240735967076;98:0.0051313150651058625","78:68;87:68;89:68;98:68","0.00634765625","0.08935546875","Yes"
"89","223.418824056329","212.4713605943833","0.0224609375","0.0026412039827678592","0.04248046875","0.00244140625","1940","0.00018150722289326138","40","0.00018150722289326138","0","0.00018150722289326138","0.00018150722289326138","0.00018150722289326138","79:0.002445738301544015;99:0.0014774898904322542;88:0.0009906240735967076","79:68;99:68;88:68","0.0224609375","0.00439453125","Yes"
"90","229.30700298160383","239.5913531042861","0.004638671875","0.00001","0.0087890625","0.00048828125","1940","0.00018364985958127116","40","0.00018364985958127116","0","0.00018364985958127116","0.00018364985958127116","0.00018364985958127116","80:0.004709606694710877;91:0.0013375177172486874;100:0.002585728759907785","80:68;91:68;100:68","0.004638671875","0.005615234375","Yes"
"91","223.25566286664932","137.37027440134716","0.008544921875","0.0000358429993463881","0.01611328125","0.0009765625","1940","0.00035793607879840747","40","0.00035793607879840747","0","0.00035793607879840747","0.00035793607879840747","0.00035793607879840747","81:0.0013302599329136633;90:0.0013375177172486874;92:0.0011819160143915486;101:0.0011348568302439743","81:68;90:68;92:68;101:68","0.008544921875","0.00537109375","Yes"
"92","149.9374843807135","145.57245662937402","0.0048828125","0.000015903420477275885","0.00927734375","0.00048828125","1940","0.00019118462573911298","40","0.00019118462573911298","0","0.00019118462573911298","0.00019118462573911298","0.00019118462573911298","82:0.0032002626935303258;91:0.0011819160143915486;93:0.001479524482797423;102:0.0012624385917490433","82:88;91:68;93:68;102:68","0.0048828125","0.00732421875","Yes"
"93","206.1241832225146","112.79148942911779","0.011474609375","0.000014383179563552191","0.02099609375","0.001953125","1940","0.00019645120490159156","40","0.00019645120490159156","0","0.00019645120490159156","0.00019645120490159156","0.00019645120490159156","94:0.0013640643768496608;83:0.0014491739686243732;103:0.0013351493084105548;92:0.001479524482797423","94:68;83:68;103:68;92:68","0.011474609375","0.00634765625","Yes"
"94","137.33134026199895","148.06269972976534","0.004638671875","0.00001","0.0087890625","0.00048828125","1940","0.0002506567311978724","40","0.0002506567311978724","0","0.0002506567311978724","0.0002506567311978724","0.0002506567311978724","93:0.0013640643768496608;84:0.0020059400155666984;95:0.003341797660581375;104:0.0021184663379671953","93:68;84:96;95:68;104:68","0.004638671875","0.0029296875","Yes"
"95","228.87100464809214","140.02775940068145","0.00830078125","0.00001","0.0146484375","0.001953125","1940","0.00011371068615145032","40","0.00011371068615145032","0","0.00011371068615145032","0.00011371068615145032","0.00011371068615145032","85:0.0011001466353657285;94:0.003341797660581375;96:0.03673042814801236;105:0.0014189833844280852","85:68;94:68;96:68;105:68","0.00830078125","0.00634765625","Yes"
"96","191.08267153790135","182.94834345240892","0.00634765625","0.000011008744586337918","0.009765625","0.0029296875","1940","0.00018119917161238663","40","0.00018119917161238663","0","0.00018119917161238663","0.00018119917161238663","0.00018119917161238663","97:0.000988728845386172;106:0.0016350341606641838;86:0.0009496487719563296;95:0.03673042814801236","97:68;106:68;86:68;95:68","0.00634765625","0.007080078125","Yes"
"97","252.05006593375512","122.49898287215333","0.00439453125","0.00001","0.0068359375","0.001953125","1940","0.00013750345010533552","40","0.00013750345010533552","0","0.00013750345010533552","0.00013750345010533552","0.00013750345010533552","96:0.000988728845386172;98:0.009861319112074218;87:0.018563258129830118;107:0.0009534934772055803","96:68;98:68;87:108;107:68","0.00439453125","0.007080078125","Yes"
"98","204.9273084693365","172.89509388533295","0.004638671875","0.00005854758796798589","0.00830078125","0.0009765625","1940","0.00012759198511575287","40","0.00012759198511575287","0","0.00012759198511575287","0.00012759198511575287","0.00012759198511575287","97:0.009861319112074218;88:0.0051313150651058625;99:0.017630619711678563;108:0.0030357187261061958","97:68;88:68;99:68;108:68","0.004638671875","0.003662109375","Yes"
"99","163.8730862787465","147.89265352892681","0.010986328125","0.000010252919301807976","0.01806640625","0.00390625","1940","0.00016582863584049928","40","0.00016582863584049928","0","0.00016582863584049928","0.00016582863584049928","0.00016582863584049928","109:0.0012262487569107416;89:0.0014774898904322542;98:0.017630619711678563","109:68;89:68;98:68","0.010986328125","0.0048828125","Yes"
"100","266.13109415320423","199.00726565963626","0.006103515625","0.000330296242374346","0.01171875","0.00048828125","1940","0.00018098442310819293","40","0.00018098442310819293","0","0.00018098442310819293","0.00018098442310819293","0.00018098442310819293","101:0.04397386275148754;110:0.005304467709313171;90:0.002585728759907785","101:68;110:68;90:68","0.006103515625","0.00390625","Yes"
"101","219.89055634048057","221.98725275845842","0.004150390625","0.000020002308319149717","0.0078125","0.00048828125","1940","0.00013545108512287872","40","0.00013545108512287872","0","0.00013545108512287872","0.00013545108512287872","0.00013545108512287872","100:0.04397386275148754;91:0.0011348568302439743;102:0.0011026822639009504;111:0.0022547772728700455","100:68;91:68;102:68;111:68","0.004150390625","0.002685546875","Yes"
"102","192.3087452153044","74.52736831619849","0.006103515625","0.000037763144960197096","0.01220703125","0","1940","0.000460561507436837","40","0.000460561507436837","0","0.000460561507436837","0.000460561507436837","0.000460561507436837","101:0.0011026822639009504;103:0.001221117914367742;92:0.0012624385917490433;112:0.001992443195610538","101:68;103:68;92:68;112:68","0.006103515625","0.005126953125","Yes"
"103","146.04514060878302","189.582633489683","0.006591796875","0.00005753893047450367","0.01318359375","0","1940","0.00023809849441313322","40","0.00023809849441313322","0","0.00023809849441313322","0.00023809849441313322","0.00023809849441313322","104:0.0015459434466777444;113:0.0015485478828501376;93:0.0013351493084105548;102:0.001221117914367742","104:68;113:68;93:68;102:68","0.006591796875","0.00390625","Yes"
"104","152.663745811405","106.31873146244631","0.010986328125","0.00005995922416578884","0.021484375","0.00048828125","1940","0.00018055881223297775","40","0.00018055881223297775","0","0.00018055881223297775","0.00018055881223297775","0.00018055881223297775","103:0.0015459434466777444;105:0.0020416583139931666;114:0.002103515652107868;94:0.0021184663379671953","103:68;105:68;114:68;94:68","0.010986328125","0.011962890625","Yes"
"105","106.04746034043607","130.9905089892085","0.0078125","0.00005589796708216123","0.015625","0","1940","0.00017053177874804445","40","0.00017053177874804445","0","0.00017053177874804445","0.00017053177874804445","0.00017053177874804445","104:0.0020416583139931666;106:0.0012013878547380008;115:0.002395824493035298;95:0.0014189833844280852","104:68;106:68;115:68;95:68","0.0078125","0.005615234375","Yes"
"106","166.73916762315247","87.08967498725333","0.00634765625","0.000010173605300259714","0.0107421875","0.001953125","1940","0.0002602303590377035","40","0.0002602303590377035","0","0.0002602303590377035","0.0002602303590377035","0.0002602303590377035","96:0.0016350341606641838;107:0.0011081537808261543;116:0.0034469283172478826;105:0.0012013878547380008","96:68;107:68;116:68;105:68","0.00634765625","0.004150390625","Yes"
"107","213.21824476265803","189.6848406545433","0.036376953125","0.00004631691270637243","0.0380859375","0.03466796875","1940","0.00021946458431567185","40","0.00021946458431567185","0","0.00021946458431567185","0.00021946458431567185","0.00021946458431567185","106:0.0011081537808261543;108:0.0012307186189011998;117:0.0010506379986343073;97:0.0009534934772055803","106:68;108:68;117:68;97:68","0.036376953125","0.005615234375","Yes"
"108","160.68272819996665","122.14104352926758","0.002197265625","0.00001","0.00439453125","0","1940","0.00020965930244372664","40","0.00020965930244372664","0","0.00020965930244372664","0.00020965930244372664","0.00020965930244372664","107:0.0012307186189011998;109:0.001292514406657841;118:0.0013887291763355625;98:0.0030357187261061958","107:68;109:68;118:68;98:68","0.002197265625","0.00537109375","Yes"
"109","143.4557406039613","131.72076176458026","0.00341796875","0.00001","0.005859375","0.0009765625","1940","0.00016493788767123216","40","0.00016493788767123216","0","0.00016493788767123216","0.00016493788767123216","0.00016493788767123216","99:0.0012262487569107416;108:0.001292514406657841;119:0.0013473735260582653","99:68;108:68;119:68","0.00341796875","0.0068359375","Yes"
"110","209.38917497216252","249.6154625760496","0.003173828125","0.000019224948411988417","0.0048828125","0.00146484375","1940","0.00011608866373141754","40","0.00011608866373141754","0","0.00011608866373141754","0.00011608866373141754","0.00011608866373141754","100:0.005304467709313171;111:0.002587497788594406","100:68;111:68","0.003173828125","0.003173828125","Yes"
"111","114.25609176115064","120.54631481668392","0.015869140625","0.000027127872718873107","0.0244140625","0.00732421875","1940","0.0002138262681367533","40","0.0002138262681367533","0","0.0002138262681367533","0.0002138262681367533","0.0002138262681367533","112:0.002307507098439382;110:0.002587497788594406;101:0.0022547772728700455","112:68;110:68;101:68","0.015869140625","0.0107421875","Yes"
"112","156.86297520606166","211.43338790635397","0.0087890625","0.00003215648901736593","0.01513671875","0.00244140625","1940","0.0001710209446287414","40","0.0001710209446287414","0","0.0001710209446287414","0.0001710209446287414","0.0001710209446287414","111:0.002307507098439382;113:0.001503222944788718;102:0.001992443195610538","111:68;113:68;102:68","0.0087890625","0.00341796875","Yes"
"113","218.854355883707","118.90025774864533","0.01123046875","0.00001","0.0205078125","0.001953125","1940","0.00016727333336059294","40","0.00016727333336059294","0","0.00016727333336059294","0.00016727333336059294","0.00016727333336059294","103:0.0015485478828501376;112:0.001503222944788718;114:0.0018910039024912784","103:68;112:68;114:68","0.01123046875","0.004638671875","Yes"
"114","117.7462344845365","145.21731192799928","0.008056640625","0.00001","0.01611328125","0","1940","0.0003810208623290189","40","0.0003810208623290189","0","0.0003810208623290189","0.0003810208623290189","0.0003810208623290189","115:0.0025935541532531026;104:0.002103515652107868;113:0.0018910039024912784","115:68;104:68;113:68","0.008056640625","0.0048828125","Yes"
"115","252.34561208567914","150.74009578233247","0.003662109375","0.00005098884546875946","0.0068359375","0.00048828125","1940","0.0002077587239772577","40","0.0002077587239772577","0","0.0002077587239772577","0.0002077587239772577","0.0002077587239772577","114:0.0025935541532531026;105:0.002395824493035298;116:0.001292459358379322","114:68;105:68;116:68","0.003662109375","0.003173828125","Yes"
"116","184.5808868784799","203.52927826402436","0.003662109375","0.000010043876425257631","0.0068359375","0.00048828125","1940","0.00015252919881906732","40","0.00015252919881906732","0","0.00015252919881906732","0.00015252919881906732","0.00015252919881906732","106:0.0034469283172478826;115:0.001292459358379322;117:0.001756067269750916","106:68;115:68;117:68","0.003662109375","0.002197265625","Yes"
"117","245.22813226448739","156.14682739515723","0.00537109375","0.00001","0.009765625","0.0009765625","1940","0.00023668943603734588","40","0.00023668943603734588","0","0.00023668943603734588","0.00023668943603734588","0.00023668943603734588","107:0.0010506379986343073;116:0.001756067269750916;118:0.0020205136414722658","107:68;116:68;118:68","0.00537109375","0.006103515625","Yes"
"118","161.40975520522687","132.91258867012417","0.005615234375","0.000011158145021339447","0.0087890625","0.00244140625","1940","0.00019060036220583517","40","0.00019060036220583517","0","0.00019060036220583517","0.00019060036220583517","0.00019060036220583517","119:0.006146751819680607;108:0.0013887291763355625;117:0.0020205136414722658","119:68;108:68;117:68","0.005615234375","0.00146484375","Yes"
"119","166.41719666807913","119.52021719408552","0.00830078125","0.0001531945225871767","0.01416015625","0.00244140625","1940","0.00013765219475878434","40","0.00013765219475878434","0","0.00013765219475878434","0.00013765219475878434","0.00013765219475878434","118:0.006146751819680607;109:0.0013473735260582653","118:68;109:68","0.00830078125","0.00634765625","Yes"