n,L,k,level,shots,patch,edge,M,var,lo,hi,shot_var,reported_std2,signal,sig_lo,sig_hi,kurtosis,mean_z,eps_N,hi_lo,criterion_b_pass,pred,pred_sigma,pred_kind,pred_source,pred_commit,pred_frozen,pred_n,pred_note,pred_noiseless,ratio_raw,ratio_signal,z_raw,z_signal,inside_ci,flag,jobs
19,1,1,0,4096,4x5,93_103,200,0.208424,0.174152,0.242736,9.65009e-05,9.65009e-05,0.208327,0.174055,0.242639,2.35117,1.36247,0.000463218,1.39382,True,0.226044,0.0187864,exact,gate1_predictions.csv,eece115,False,20,19 Sep record; the L = 1 cone is placement-independent,0.242098,0.922049,0.921622,-0.686365,-0.690124,True,,dao1hnv8gn2s739n8v8g
19,1,1,1,4096,4x5,93_103,200,0.221806,0.185513,0.258254,0.000103488,0.000103488,0.221703,0.185409,0.258151,2.35148,1.37391,0.000466785,1.39211,True,0.226044,0.0187864,exact,gate1_predictions.csv,eece115,False,20,19 Sep record; the L = 1 cone is placement-independent,0.242098,0.981252,0.980794,-0.160487,-0.164406,True,,dao1hqf8gn2s739n8vbg
19,2,1,0,4096,4x5,93_103,200,0.0815907,0.0620854,0.102859,0.000110829,0.000110829,0.0814799,0.0619746,0.102748,4.27548,-1.19521,0.0013602,1.65673,True,0.0646165,0.00816697,exact,main_grid_redraw_2026-09-20T1344.csv,c84ecde,False,19,exact (M = 200 sample) row: no propagation row at this depth,0.0719324,1.26269,1.26098,1.28352,1.27514,True,,dao1hnv8gn2s739n8v8g dao1holr85ps73feltg0
19,2,1,1,4096,4x5,93_103,200,0.0880937,0.0671237,0.11107,0.000115916,0.000115916,0.0879778,0.0670077,0.110955,4.23997,-1.18553,0.00131756,1.65471,True,0.0646165,0.00816697,exact,main_grid_redraw_2026-09-20T1344.csv,c84ecde,False,19,exact (M = 200 sample) row: no propagation row at this depth,0.0719324,1.36333,1.36154,1.69261,1.68425,False,,dao1hqf8gn2s739n8vbg dao1hqn8gn2s739n8vd0
19,4,1,0,4096,4x5,93_103,200,0.00577772,0.00411387,0.00765357,0.000120905,0.000120905,0.00565682,0.00399296,0.00753266,5.84903,1.06722,0.0213733,1.86043,True,0.00942222,2.7836e-05,propagation,main_grid_redraw_2026-09-20T1344.csv,c84ecde,False,19,,0.0114017,0.613202,0.60037,-4.03407,-4.1679,False,Deviation 19 flag,dao1holr85ps73feltg0
19,4,1,1,4096,4x5,93_103,200,0.00628335,0.00449642,0.00829325,0.000126121,0.000126121,0.00615722,0.0043703,0.00816713,5.7789,1.34797,0.0204834,1.84441,True,0.00942222,2.7836e-05,propagation,main_grid_redraw_2026-09-20T1344.csv,c84ecde,False,19,,0.0114017,0.666865,0.653479,-3.2393,-3.36946,False,Deviation 19 flag,dao1hqn8gn2s739n8vd0
19,8,1,0,4096,4x5,93_103,200,0.000303046,0.000196242,0.000436376,0.000122008,0.000122008,0.000181038,7.42334e-05,0.000314368,9.53724,-1.19894,0.673938,2.22367,True,0.000244994,4.0583e-06,propagation (not converged),main_grid_redraw_2026-09-20T1344.csv,c84ecde,False,19,,0.000359056,1.23695,0.738948,0.945564,-1.04173,True,,dao1hp82fm4c73f4r33g
19,8,1,1,4096,4x5,93_103,200,0.0003231,0.000216914,0.000455996,0.000127121,0.000127121,0.000195978,8.9793e-05,0.000328875,8.37236,-0.378781,0.64865,2.10219,True,0.000244994,4.0583e-06,propagation (not converged),main_grid_redraw_2026-09-20T1344.csv,c84ecde,False,19,,0.000359056,1.31881,0.799932,1.27778,-0.801871,True,,dao1hrg2fm4c73f4r36g
19,12,1,0,4096,4x5,93_103,200,0.000133341,0.000108233,0.000159477,0.000122039,0.000122039,1.13016e-05,-1.38063e-05,3.74378e-05,2.97356,0.251161,10.7984,1.47346,True,8.39009e-06,5.8904e-07,propagation (not converged),main_grid_redraw_2026-09-20T1344.csv,c84ecde,False,19,,1.91601e-05,15.8927,1.34702,9.54845,0.222489,False,exploratory (shot floor; Deviation 37),dao1hp82fm4c73f4r33g dao1hptr85ps73feltig
19,12,1,1,4096,4x5,93_103,200,0.000125097,0.000102135,0.000149142,0.000128171,0.000128171,-3.07396e-06,-2.60358e-05,2.09717e-05,2.87257,1.39884,,1.46025,True,8.39009e-06,5.8904e-07,propagation (not converged),main_grid_redraw_2026-09-20T1344.csv,c84ecde,False,19,,1.91601e-05,14.9101,-0.36638,9.72038,-0.954829,False,exploratory (shot floor; Deviation 37),dao1hrg2fm4c73f4r36g dao1hsdr85ps73feltm0
37,1,1,0,4096,4x10,93_103,200,0.220638,0.186396,0.253892,9.498e-05,9.498e-05,0.220543,0.186301,0.253797,2.25541,1.39519,0.000430665,1.36211,True,0.227914,0.0189486,exact,main_grid_redraw_2026-09-20T1750_n40.csv,1cce692,False,37,exact (M = 200 sample) row: no propagation row at this depth,0.242098,0.968073,0.967656,-0.284209,-0.287918,True,,dao2n878gn2s739na8cg
37,1,1,1,4096,4x10,93_103,200,0.236635,0.200165,0.272035,0.000100663,0.000100663,0.236534,0.200064,0.271934,2.23826,1.39232,0.000425574,1.35906,True,0.227914,0.0189486,exact,main_grid_redraw_2026-09-20T1750_n40.csv,1cce692,False,37,exact (M = 200 sample) row: no propagation row at this depth,0.242098,1.03826,1.03782,0.330733,0.326915,True,,dao2nq0pqrnc7399e0k0
37,2,1,0,4096,4x10,93_103,200,0.0608258,0.0466526,0.0750123,0.000112845,0.000112845,0.060713,0.0465398,0.0748995,3.84377,1.2414,0.00185866,1.60789,True,0.0693595,6.45359e-05,propagation,main_grid_redraw_2026-09-20T1750_n40.csv,1cce692,False,37,,0.0780831,0.876965,0.875338,-1.17949,-1.19508,True,,dao2n878gn2s739na8cg dao2n8opqrnc7399dvv0
37,2,1,1,4096,4x10,93_103,200,0.0640091,0.0491591,0.0788214,0.000115209,0.000115209,0.0638939,0.0490439,0.0787062,3.8117,1.24301,0.00180313,1.60339,True,0.0693595,6.45359e-05,propagation,main_grid_redraw_2026-09-20T1750_n40.csv,1cce692,False,37,,0.0780831,0.922861,0.9212,-0.707028,-0.722252,True,,dao2nq0pqrnc7399e0k0 dao2nqopqrnc7399e0lg
37,2,1,2,4096,4x10,93_103,400,0.0614509,0.0503766,0.0731042,0.000488281,0.000833773,0.0609626,0.0498883,0.072616,4.53558,-0.41082,0.00800952,1.45116,True,0.0693595,6.45359e-05,propagation,main_grid_redraw_2026-09-20T1750_n40.csv,1cce692,False,37,,0.0780831,0.885977,0.878937,-1.36394,-1.44815,True,"level 2 (ZNE): z reported, not read as a Deviation 19 comparison (H4; extrapolation noise, Fig. 5)",dao2p4dr85ps73fen8pg dao2p5n8gn2s739naao0
37,4,1,0,4096,4x10,93_103,200,0.0117453,0.00791003,0.0158857,0.000120265,0.000120265,0.0116251,0.00778976,0.0157654,6.98781,0.0747077,0.0103453,2.0083,True,0.00930939,2.75494e-05,propagation,main_grid_redraw_2026-09-20T1750_n40.csv,1cce692,False,37,,0.0113157,1.26167,1.24875,1.19712,1.13802,True,,dao2n8opqrnc7399dvv0
37,4,1,1,4096,4x10,93_103,200,0.0124156,0.00831227,0.0168789,0.000126748,0.000126748,0.0122889,0.00818552,0.0167521,7.23058,0.171092,0.010314,2.03059,True,0.00930939,2.75494e-05,propagation,main_grid_redraw_2026-09-20T1750_n40.csv,1cce692,False,37,,0.0113157,1.33367,1.32005,1.42125,1.36326,True,,dao2nqopqrnc7399e0lg
37,8,1,0,4096,4x10,93_103,200,0.000324057,0.000223864,0.000439845,0.000122002,0.000122002,0.000202055,0.000101861,0.000317842,6.89712,0.624303,0.603808,1.96479,True,0.000238167,4.04707e-06,propagation,main_grid_redraw_2026-09-20T1750_n40.csv,1cce692,False,37,,0.000351077,1.36063,0.848373,1.55466,-0.653661,True,,dao2naf8gn2s739na8f0
37,8,1,1,4096,4x10,93_103,400,0.000307551,0.000245115,0.000376052,0.000127582,0.000127582,0.000179969,0.000117533,0.00024847,5.91322,0.0790214,0.708913,1.53419,True,0.000238167,4.04707e-06,propagation,main_grid_redraw_2026-09-20T1750_n40.csv,1cce692,False,37,,0.000351077,1.29132,0.755639,2.06209,-1.72968,False,,dao2ns78gn2s739na920 dao2ntgpqrnc7399e0pg
37,8,1,2,4096,4x10,93_103,400,0.000628577,0.000427083,0.00092413,0.000488281,0.0026116,0.000140296,-6.11978e-05,0.000435849,17.8354,0.716695,3.48036,2.16382,True,0.000238167,4.04707e-06,propagation,main_grid_redraw_2026-09-20T1750_n40.csv,1cce692,False,37,,0.000351077,2.63923,0.589066,3.07738,-0.771461,False,"level 2 (ZNE): z reported, not read as a Deviation 19 comparison (H4; extrapolation noise, Fig. 5)",dao2p5n8gn2s739naao0 dao2p6lr85ps73fen8s0
37,8,4,1,4096,4x10,93_103,200,0.000297555,0.00021575,0.000392165,0.000123673,0.000123673,0.000173882,9.20764e-05,0.000268492,5.66182,-0.0992247,0.71125,1.81769,True,,,,,,False,,,,,,,,,"no prediction (k = L/2, L - 1: no pre-drawn row)",dao2nuv8gn2s739na96g
37,8,7,1,4096,4x10,93_103,200,0.00030766,0.000226051,0.00040781,0.000128017,0.000128017,0.000179644,9.80342e-05,0.000279793,5.63911,0.226386,0.712615,1.80406,True,,,,,,False,,,,,,,,,"no prediction (k = L/2, L - 1: no pre-drawn row)",dao2nuv8gn2s739na96g dao2o078gn2s739na990
37,8,8,1,4096,4x10,93_103,200,0.000549369,0.000357242,0.000780582,0.000124872,0.000124872,0.000424497,0.00023237,0.00065571,8.88498,0.380987,0.294165,2.18502,True,0.000398482,4.38891e-06,propagation,main_grid_redraw_2026-09-20T1750_n40.csv,1cce692,False,37,,0.000600857,1.37865,1.06528,1.39599,0.240685,True,,dao2o078gn2s739na990
37,12,1,0,4096,4x10,93_103,200,0.000128091,0.0001038,0.00015398,0.00012204,0.00012204,6.05078e-06,-1.82403e-05,3.19398e-05,3.08439,-0.84351,20.1694,1.48343,True,6.99089e-06,6.26227e-07,propagation (not converged),main_grid_redraw_2026-09-20T1750_n40.csv,1cce692,False,37,,1.39784e-05,18.3226,0.865523,9.44873,-0.0733513,False,exploratory (shot floor; Deviation 37),dao2naf8gn2s739na8f0 dao2nb02fm4c73f4scg0
37,12,1,1,4096,4x10,93_103,400,0.000120911,0.000105175,0.000136749,0.000128664,0.000128664,-7.75395e-06,-2.3489e-05,8.08447e-06,2.71923,-1.33901,,1.3002,True,6.99089e-06,6.26227e-07,propagation (not converged),main_grid_redraw_2026-09-20T1750_n40.csv,1cce692,False,37,,1.39784e-05,17.2954,-1.10915,14.1009,-1.8251,False,exploratory (shot floor; Deviation 37),dao2ns78gn2s739na920 dao2ntgpqrnc7399e0pg dao2o1v8gn2s739na9cg
37,12,6,1,4096,4x10,93_103,200,0.000137368,0.000111269,0.000163999,0.000127045,0.000127045,1.03233e-05,-1.5776e-05,3.69539e-05,2.91251,0.966994,12.3066,1.4739,True,,,,,,False,,,,,,,,,"no prediction (k = L/2, L - 1: no pre-drawn row)",dao2o1v8gn2s739na9cg dao2o3lr85ps73fen7j0
37,12,11,1,4096,4x10,93_103,200,0.000174988,0.00014503,0.000206582,0.000129843,0.000129843,4.51449e-05,1.51865e-05,7.67388e-05,2.64425,0.340705,2.87614,1.42441,True,,,,,,False,,,,,,,,,"no prediction (k = L/2, L - 1: no pre-drawn row)",dao2o3lr85ps73fen7j0
37,12,12,1,4096,4x10,93_103,200,0.0001524,0.000116807,0.000191513,0.000129295,0.000129295,2.31048e-05,-1.24884e-05,6.22179e-05,4.05092,0.577155,5.59604,1.63957,True,1.37062e-05,7.0238e-07,propagation (not converged),main_grid_redraw_2026-09-20T1750_n40.csv,1cce692,False,37,,2.68492e-05,11.1191,1.68572,7.2725,0.492823,False,exploratory (shot floor; Deviation 37),dao2o4o2fm4c73f4sdg0
50,1,1,0,4096,6x10,43_44,200,0.218464,0.182919,0.251834,9.52706e-05,9.52706e-05,0.218369,0.182824,0.251739,2.33018,-1.37589,0.000436282,1.37675,True,0.228718,0.0190313,exact,main_grid_redraw_2026-09-20T1750_n60.csv,3953fc5,False,50,exact (M = 200 sample) row: no propagation row at this depth,0.242098,0.955171,0.954754,-0.395741,-0.399418,True,,dao2nb02fm4c73f4scg0
50,1,1,1,4096,6x10,43_44,200,0.232969,0.195461,0.268469,0.000102016,0.000102016,0.232867,0.195359,0.268367,2.32634,-1.36341,0.000438088,1.37352,True,0.228718,0.0190313,exact,main_grid_redraw_2026-09-20T1750_n60.csv,3953fc5,False,50,exact (M = 200 sample) row: no propagation row at this depth,0.242098,1.01859,1.01814,0.159675,0.155844,True,,dao2o4o2fm4c73f4sdg0 dao2o5g2fm4c73f4sdgg
50,2,1,0,4096,6x10,43_44,200,0.0725036,0.057252,0.0879157,0.000111647,0.000111647,0.0723919,0.0571403,0.0878041,3.35218,0.0442379,0.00154226,1.53559,True,0.0611531,0.00683365,exact,main_grid_redraw_2026-09-20T1750_n60.csv,3953fc5,False,50,exact (M = 200 sample) row: no propagation row at this depth,0.0693288,1.18561,1.18378,1.09275,1.08201,True,,dao2ncf8gn2s739na8hg
50,2,1,1,4096,6x10,43_44,200,0.0785901,0.0622068,0.0949997,0.000120654,0.000120654,0.0784695,0.0620861,0.094879,3.32297,0.0819432,0.00153759,1.52716,True,0.0611531,0.00683365,exact,main_grid_redraw_2026-09-20T1750_n60.csv,3953fc5,False,50,exact (M = 200 sample) row: no propagation row at this depth,0.0693288,1.28514,1.28316,1.61424,1.60307,False,,dao2o5g2fm4c73f4sdgg
50,4,1,0,4096,6x10,43_44,200,0.00794481,0.00546932,0.0107459,0.000120679,0.000120679,0.00782413,0.00534864,0.0106252,6.86578,2.07566,0.015424,1.96475,True,0.0096074,2.78846e-05,propagation,main_grid_redraw_2026-09-20T1750_n60.csv,3953fc5,False,50,,0.0115904,0.826947,0.814386,-1.23486,-1.3245,True,,dao2ncf8gn2s739na8hg dao2ndlr85ps73fen6q0
50,4,1,1,4096,6x10,43_44,200,0.00862936,0.00588863,0.0117763,0.000130003,0.000130003,0.00849936,0.00575863,0.0116463,7.13623,2.02693,0.0152956,1.99984,True,0.0096074,2.78846e-05,propagation,main_grid_redraw_2026-09-20T1750_n60.csv,3953fc5,False,50,,0.0115904,0.898199,0.884668,-0.651053,-0.737592,True,,dao2o6gpqrnc7399e14g
50,8,1,0,4096,6x10,43_44,200,0.000302982,0.00020803,0.000414451,0.000121997,0.000121997,0.000180985,8.60323e-05,0.000292453,7.1498,-1.20303,0.674074,1.99227,True,0.000257163,4.08403e-06,propagation (not converged),main_grid_redraw_2026-09-20T1750_n60.csv,3953fc5,False,50,,0.000382808,1.17817,0.703774,0.867494,-1.44229,True,,dao2ndlr85ps73fen6q0
50,8,1,1,4096,6x10,43_44,200,0.000322924,0.000224404,0.000433701,0.000131735,0.000131735,0.000191189,9.26692e-05,0.000301966,6.66931,-0.823976,0.689031,1.93268,True,0.000257163,4.08403e-06,propagation (not converged),main_grid_redraw_2026-09-20T1750_n60.csv,3953fc5,False,50,,0.000382808,1.25572,0.743454,1.22805,-1.23204,True,,dao2o6gpqrnc7399e14g dao2o8tr85ps73fen7qg
50,12,1,0,4096,6x10,43_44,200,0.000128001,0.000101189,0.000155832,0.000122039,0.000122039,5.96175e-06,-2.08503e-05,3.3793e-05,3.42147,-0.329589,20.4704,1.54001,True,9.58299e-06,6.76559e-07,propagation (not converged),main_grid_redraw_2026-09-20T1750_n60.csv,3953fc5,False,50,,1.93316e-05,13.3571,0.622118,8.48492,-0.25947,False,exploratory (shot floor; Deviation 37),dao2nf82fm4c73f4sclg
50,12,1,1,4096,6x10,43_44,200,0.000139619,0.000112959,0.000167625,0.000131606,0.000131606,8.01269e-06,-1.86472e-05,3.6019e-05,2.99953,1.32779,16.4247,1.48395,True,9.58299e-06,6.76559e-07,propagation (not converged),main_grid_redraw_2026-09-20T1750_n60.csv,3953fc5,False,50,,1.93316e-05,14.5694,0.836137,9.31347,-0.112468,False,exploratory (shot floor; Deviation 37),dao2o8tr85ps73fen7qg
69,1,1,0,4096,8x10,75_85,200,0.258078,0.21966,0.294897,9.07012e-05,9.07012e-05,0.257987,0.219569,0.294806,2.11336,-0.0497157,0.000351572,1.34251,True,0.233405,0.0194378,exact,main_grid_redraw_2026-09-20T1750_n80.csv,85ac3c0,False,69,exact (M = 200 sample) row: no propagation row at this depth,0.242098,1.10571,1.10532,0.903213,0.899893,True,,dao2nf82fm4c73f4sclg dao2ngdr85ps73fen6t0
69,1,1,1,4096,8x10,75_85,200,0.266016,0.226289,0.304119,9.57263e-05,9.57263e-05,0.26592,0.226193,0.304023,2.12069,-0.0141689,0.000359981,1.34394,True,0.233405,0.0194378,exact,main_grid_redraw_2026-09-20T1750_n80.csv,85ac3c0,False,69,exact (M = 200 sample) row: no propagation row at this depth,0.242098,1.13972,1.13931,1.17365,1.17021,True,,dao2o9n8gn2s739na9m0
69,2,1,0,4096,8x10,75_85,200,0.0757768,0.0587395,0.0940656,0.000111381,0.000111381,0.0756654,0.0586281,0.0939543,3.84359,-0.090871,0.00147201,1.6014,True,0.0684207,0.00895409,exact,main_grid_redraw_2026-09-20T1750_n80.csv,85ac3c0,False,69,exact (M = 200 sample) row: no propagation row at this depth,0.0742642,1.10751,1.10588,0.579038,0.570271,True,,dao2ngdr85ps73fen6t0
69,2,1,1,4096,8x10,75_85,200,0.0798162,0.0618966,0.0988909,0.000114243,0.000114243,0.079702,0.0617824,0.0987766,3.82326,-0.145294,0.00143338,1.59768,True,0.0684207,0.00895409,exact,main_grid_redraw_2026-09-20T1750_n80.csv,85ac3c0,False,69,exact (M = 200 sample) row: no propagation row at this depth,0.0742642,1.16655,1.16488,0.875949,0.867167,True,,dao2o9n8gn2s739na9m0 dao2oag2fm4c73f4sdlg
69,4,1,0,4096,8x10,75_85,200,0.00947672,0.0062564,0.012915,0.000120476,0.000120476,0.00935624,0.00613592,0.0127946,7.53112,-1.48572,0.0128765,2.06429,True,0.0101236,2.84804e-05,propagation,main_grid_redraw_2026-09-20T1750_n80.csv,85ac3c0,False,69,,0.0119981,0.936097,0.924197,-0.380794,-0.451708,True,,dao2nhtr85ps73fen6ug
69,4,1,1,4096,8x10,75_85,200,0.0102115,0.00680928,0.0138914,0.000127833,0.000127833,0.0100837,0.00668145,0.0137636,7.38803,-1.60568,0.0126772,2.04007,True,0.0101236,2.84804e-05,propagation,main_grid_redraw_2026-09-20T1750_n80.csv,85ac3c0,False,69,,0.0119981,1.00868,0.996054,0.0486411,-0.0221056,True,,dao2oag2fm4c73f4sdlg
69,8,1,0,4096,8x10,75_85,200,0.000480745,0.000273749,0.000779267,0.000121983,0.000121983,0.000358762,0.000151765,0.000657284,16.3355,0.0960566,0.340011,2.84665,False,0.000301046,4.32314e-06,propagation,main_grid_redraw_2026-09-20T1750_n80.csv,85ac3c0,False,69,,0.00044353,1.59692,1.19172,1.39265,0.447295,True,,dao2nhtr85ps73fen6ug dao2nkg2fm4c73f4scrg
69,8,1,1,4096,8x10,75_85,200,0.000479829,0.000294436,0.000745181,0.000126065,0.000126065,0.000353764,0.000168371,0.000619116,13.076,-0.372926,0.356352,2.53088,False,0.000301046,4.32314e-06,propagation,main_grid_redraw_2026-09-20T1750_n80.csv,85ac3c0,False,69,,0.00044353,1.59387,1.17512,1.5537,0.458145,True,,dao2od0pqrnc7399e1ag
69,12,1,0,4096,8x10,75_85,200,0.000126105,0.000102192,0.000150788,0.00012204,0.00012204,4.0647e-06,-1.98486e-05,2.87471e-05,2.91352,0.673338,30.0244,1.47553,True,1.03194e-05,6.67692e-07,propagation (not converged),main_grid_redraw_2026-09-20T1750_n80.csv,85ac3c0,False,69,,1.8022e-05,12.2202,0.393888,9.32622,-0.503802,False,exploratory (shot floor; Deviation 37),dao2nkg2fm4c73f4scrg
69,12,1,1,4096,8x10,75_85,200,0.000161152,0.000128404,0.000195851,0.000129807,0.000129807,3.13449e-05,-1.40276e-06,6.60443e-05,3.33241,1.014,4.14125,1.52527,True,1.03194e-05,6.67692e-07,propagation (not converged),main_grid_redraw_2026-09-20T1750_n80.csv,85ac3c0,False,69,,1.8022e-05,15.6163,3.03746,8.75956,1.22105,False,exploratory (shot floor; Deviation 37),dao2od0pqrnc7399e1ag dao2oe8pqrnc7399e1cg
85,1,1,0,4096,10x10,75_85,200,0.23428,0.19697,0.270944,9.35927e-05,9.35927e-05,0.234186,0.196876,0.270851,2.29803,-0.033027,0.000399651,1.37556,True,0.229912,0.019136,exact,gate1_predictions.csv,eece115,False,87,19 Sep record; the L = 1 cone is placement-independent,0.242098,1.019,1.01859,0.162534,0.159051,True,,dao2nldr85ps73fen73g
85,1,1,1,4096,10x10,75_85,200,0.249984,0.210106,0.288879,9.80209e-05,9.80209e-05,0.249886,0.210008,0.288781,2.29535,-0.0216792,0.000392263,1.37492,True,0.229912,0.019136,exact,gate1_predictions.csv,eece115,False,87,19 Sep record; the L = 1 cone is placement-independent,0.242098,1.0873,1.08688,0.72334,0.719808,True,,dao2oe8pqrnc7399e1cg
85,2,1,0,4096,10x10,75_85,200,0.0782916,0.059981,0.097823,0.000110763,0.000110763,0.0781809,0.0598703,0.0977122,4.08239,-0.330575,0.00141675,1.6309,True,0.0828379,0.00985041,exact,gate1_predictions.csv,eece115,True,87,19 Sep frozen row at n = 87 (different placement),0.0928004,0.945119,0.943782,-0.329622,-0.337653,True,,dao2nldr85ps73fen73g dao2nmlr85ps73fen750
85,2,1,1,4096,10x10,75_85,200,0.081861,0.0626165,0.102211,0.000116092,0.000116092,0.0817449,0.0625004,0.102095,4.08867,-0.317613,0.00142018,1.63233,True,0.0828379,0.00985041,exact,gate1_predictions.csv,eece115,True,87,19 Sep frozen row at n = 87 (different placement),0.0928004,0.988208,0.986806,-0.0692368,-0.0774652,True,,dao2ofgpqrnc7399e1f0
85,2,1,2,4096,10x10,75_85,400,0.0740065,0.0611459,0.0879276,0.000488281,0.00082123,0.0735182,0.0606576,0.0874393,4.3514,2.62107,0.00664164,1.438,True,0.0828379,0.00985041,exact,gate1_predictions.csv,eece115,True,87,19 Sep frozen row at n = 87 (different placement),0.0928004,0.893389,0.887495,-0.736694,-0.777425,True,"level 2 (ZNE): z reported, not read as a Deviation 19 comparison (H4; extrapolation noise, Fig. 5)",dao2p6lr85ps73fen8s0 dao2p7g2fm4c73f4seo0
85,4,1,0,4096,10x10,75_85,200,0.00815781,0.00561816,0.0109701,0.000120536,0.000120536,0.00803728,0.00549762,0.0108496,6.68549,0.887436,0.0149971,1.95261,True,0.0100939,2.83571e-05,propagation,pauliprop_predictions.csv,e3859fd,True,87,19 Sep frozen row at n = 87 (different placement),0.0120047,0.808195,0.796254,-1.41772,-1.50598,True,,dao2nmlr85ps73fen750
85,4,1,1,4096,10x10,75_85,200,0.00862375,0.00590325,0.0115892,0.000124408,0.000124408,0.00849934,0.00577884,0.0114648,6.80509,0.488577,0.0146374,1.96319,True,0.0100939,2.83571e-05,propagation,pauliprop_predictions.csv,e3859fd,True,87,19 Sep frozen row at n = 87 (different placement),0.0120047,0.854356,0.842031,-1.01331,-1.09906,True,,dao2ofgpqrnc7399e1f0 dao2oin8gn2s739na9v0
85,8,1,0,16384,10x10,75_85,200,0.000152691,0.000102025,0.000216837,3.05091e-05,3.05091e-05,0.000122181,7.15154e-05,0.000186328,8.50548,1.38031,0.249704,2.12534,True,0.000290368,4.29929e-06,propagation,pauliprop_predictions.csv,e3859fd,True,87,19 Sep frozen row at n = 87 (different placement),0.000417053,0.525852,0.420781,-4.65077,-5.68137,False,"Deviation 19 flag (pending: frozen row, decided on the run-day re-draw; Deviation 54)",dao2pqv8gn2s739nabkg
85,8,1,1,4096,10x10,75_85,200,0.000399896,0.000273991,0.000544378,0.000125187,0.000125187,0.000274709,0.000148804,0.000419191,7.01748,-0.0671349,0.455708,1.98685,True,0.000290368,4.29929e-06,propagation,pauliprop_predictions.csv,e3859fd,True,87,19 Sep frozen row at n = 87 (different placement),0.000417053,1.3772,0.946071,1.5848,-0.22658,True,,dao2ol0pqrnc7399e1l0
85,8,1,1,16384,10x10,75_85,200,0.00019131,0.000121461,0.00028196,3.08627e-05,3.08627e-05,0.000160447,9.05979e-05,0.000251097,10.6232,2.05756,0.192354,2.32141,True,0.000290368,4.29929e-06,propagation,pauliprop_predictions.csv,e3859fd,True,87,19 Sep frozen row at n = 87 (different placement),0.000417053,0.658853,0.552565,-2.4061,-3.15575,False,,dao2psf8gn2s739nabmg
85,8,1,2,4096,10x10,75_85,100,0.000704057,0.000377573,0.00108477,0.000488281,0.00212893,0.000215776,-0.000110708,0.000596488,7.81684,0.514169,2.26291,2.873,False,0.000290368,4.29929e-06,propagation,pauliprop_predictions.csv,e3859fd,True,87,19 Sep frozen row at n = 87 (different placement),0.000417053,2.42471,0.743112,2.29239,-0.41334,False,"level 2 (ZNE): z reported, not read as a Deviation 19 comparison (H4; extrapolation noise, Fig. 5)",dao2pb0pqrnc7399e2h0
85,8,4,1,4096,10x10,75_85,200,0.00064137,0.000271419,0.00114748,0.000129316,0.000129316,0.000512054,0.000142104,0.00101817,26.5558,0.809359,0.252543,4.2277,False,,,,,,False,,,,,,,,,"no prediction (k = L/2, L - 1: no pre-drawn row)",dao2ol0pqrnc7399e1l0 dao2onopqrnc7399e1p0
85,8,7,1,4096,10x10,75_85,200,0.000408,0.000286304,0.000546652,0.000127587,0.000127587,0.000280413,0.000158717,0.000419065,6.29751,-0.0399016,0.454997,1.90934,True,,,,,,False,,,,,,,,,"no prediction (k = L/2, L - 1: no pre-drawn row)",dao2onopqrnc7399e1p0
85,8,8,1,4096,10x10,75_85,200,0.0007508,0.000496643,0.00105326,0.000131002,0.000131002,0.000619798,0.000365642,0.000922255,8.25196,-0.0621677,0.211362,2.12075,True,0.000422699,4.50833e-06,propagation,pauliprop_predictions.csv,e3859fd,True,87,19 Sep frozen row at n = 87 (different placement),0.000616909,1.77621,1.46629,2.30947,1.38736,False,,dao2or5r85ps73fen8e0
85,12,1,0,4096,10x10,75_85,200,0.00016165,0.000132969,0.000191123,0.000122032,0.000122032,3.96175e-05,1.09366e-05,6.90902e-05,2.72868,0.930096,3.08026,1.43735,True,1.04412e-05,7.54861e-07,propagation (not converged),pauliprop_predictions.csv,e3859fd,True,87,19 Sep frozen row at n = 87 (different placement),1.82221e-05,15.4819,3.79434,10.1793,1.96413,False,exploratory (shot floor; Deviation 37),dao2np5r85ps73fen77g
85,12,1,1,4096,10x10,75_85,400,0.000153115,0.000131036,0.000175385,0.00012816,0.00012816,2.49545e-05,2.87585e-06,4.72252e-05,3.22165,-0.393417,5.13575,1.33845,True,1.04412e-05,7.54861e-07,propagation (not converged),pauliprop_predictions.csv,e3859fd,True,87,19 Sep frozen row at n = 87 (different placement),1.82221e-05,14.6645,2.39001,12.5826,1.27995,False,exploratory (shot floor; Deviation 37),dao2oin8gn2s739na9v0 dao2or5r85ps73fen8e0 dao2outr85ps73fen8i0
85,12,6,1,4096,10x10,75_85,200,0.000140244,0.000115227,0.000164636,0.000128166,0.000128166,1.20783e-05,-1.29382e-05,3.64705e-05,2.66809,-2.98302,10.6112,1.42879,True,,,,,,False,,,,,,,,,"no prediction (k = L/2, L - 1: no pre-drawn row)",dao2outr85ps73fen8i0
85,12,11,1,4096,10x10,75_85,200,0.000148585,0.000121611,0.000175833,0.000122548,0.000122548,2.60374e-05,-9.36887e-07,5.32851e-05,2.69648,-0.607519,4.70659,1.44587,True,,,,,,False,,,,,,,,,"no prediction (k = L/2, L - 1: no pre-drawn row)",dao2p2g2fm4c73f4sehg
85,12,12,1,4096,10x10,75_85,200,0.000153574,0.000122838,0.000186553,0.000124055,0.000124055,2.95188e-05,-1.21736e-06,6.24985e-05,3.25869,0.61498,4.20257,1.5187,True,1.53153e-05,7.89844e-07,propagation (not converged),pauliprop_predictions.csv,e3859fd,True,87,19 Sep frozen row at n = 87 (different placement),2.77912e-05,10.0275,1.92741,8.49591,0.872802,False,exploratory (shot floor; Deviation 37),dao2p2g2fm4c73f4sehg dao2p3v8gn2s739naak0
